rnti,frame,slot,dci,rb_alloc,mcs,rv_idx1,harq_process
19754,969,15,1_1,0x165,27,0,0
19754,970,10,1_1,0x190,27,0,0
19754,970,15,0_1,0x42,22,0,0
19754,971,5,1_1,0x190,27,0,0
19754,972,1,1_1,0x165,26,0,0
19754,972,13,1_1,0x190,27,0,1
19754,972,15,0_1,0x62,23,0,0
19754,973,7,1_1,0x3e8,27,0,0
19754,974,1,1_1,0x165,27,0,1
19754,974,15,0_1,0x30,24,0,0
19754,974,17,1_1,0x3c9,27,0,0
19754,975,11,1_1,0x190,27,0,1
19754,976,6,1_1,0x190,27,0,0
19754,976,15,0_1,0x42,21,0,0
19754,977,0,1_1,0x165,27,0,1
19754,977,13,1_1,0x165,27,0,0
19754,978,10,1_1,0x190,27,0,0
19754,978,15,0_1,0x42,21,0,0
19754,979,3,1_1,0x190,27,0,1
19754,979,17,1_1,0x3c9,27,0,0
19754,980,11,1_1,0x190,26,0,1
19754,980,15,0_1,0x62,23,0,0
19754,981,5,1_1,0x165,27,0,0
19754,982,1,1_1,0x190,27,0,0
19754,982,15,0_1,0x62,21,0,0
19754,982,15,1_1,0x165,27,0,0
19754,983,10,1_1,0x165,27,0,0
19754,984,6,1_1,0x190,27,0,0
19754,984,15,0_1,0x62,21,0,0
19754,984,17,1_1,0x3e8,27,0,1
19754,985,13,1_1,0x190,27,0,0
19754,986,7,1_1,0x3e8,27,0,0
19754,986,15,0_1,0x42,21,0,0
19754,987,1,1_1,0x165,27,0,1
19754,987,15,1_1,0x190,27,0,0
19754,988,1,1_1,0x0,26,0,1
19754,988,10,1_1,0x190,27,0,0
19754,988,15,0_1,0x42,23,0,0
19754,989,5,1_1,0x165,27,0,0
19754,990,1,1_1,0x165,27,0,0
19754,990,13,1_1,0x165,27,0,1
19754,990,15,0_1,0x62,22,0,0
19754,991,7,1_1,0x3c9,27,0,0
19754,992,1,1_1,0x165,26,0,1
19754,992,15,0_1,0x30,24,0,0
19754,992,17,1_1,0x3c9,27,0,0
19754,993,11,1_1,0x190,27,0,1
19754,994,5,1_1,0x165,27,0,0
19754,994,15,0_1,0x62,21,0,0
19754,995,0,1_1,0x190,27,0,0
19754,995,13,1_1,0x165,27,0,1
19754,996,10,1_1,0x190,27,0,0
19754,996,15,0_1,0x42,21,0,0
19754,997,3,1_1,0x190,27,0,1
19754,997,17,1_1,0x3c9,27,0,0
19754,998,11,1_1,0x190,26,0,1
19754,998,15,0_1,0x62,21,0,0
19754,999,5,1_1,0x190,27,0,0
19754,1000,1,1_1,0x190,26,0,0
19754,1000,15,0_1,0x62,21,0,0
19754,1000,15,1_1,0x165,27,0,0
19754,1001,10,1_1,0x190,27,0,0
19754,1002,3,1_1,0x190,27,0,1
19754,1002,15,0_1,0x62,21,0,0
19754,1002,17,1_1,0x3c9,27,0,0
19754,1003,13,1_1,0x190,27,0,1
19754,1004,7,1_1,0x3c9,27,0,0
19754,1004,15,0_1,0x42,21,0,0
19754,1005,1,1_1,0x165,27,0,1
19754,1005,15,1_1,0x190,27,0,0
19754,1006,10,1_1,0x190,27,0,0
19754,1006,15,0_1,0x62,21,0,0
19754,1007,5,1_1,0x190,27,0,0
19754,1008,1,1_1,0x165,26,0,0
19754,1008,13,1_1,0x165,27,0,1
19754,1008,15,0_1,0x62,21,0,0
19754,1009,7,1_1,0x3e8,27,0,0
19754,1010,1,1_1,0x165,27,0,1
19754,1010,15,0_1,0x42,21,0,0
19754,1010,17,1_1,0x3e8,27,0,0
19754,1011,11,1_1,0x165,27,0,1
19754,1012,6,1_1,0x165,27,0,0
19754,1012,15,0_1,0x42,21,0,0
19754,1013,0,1_1,0x190,27,0,1
19754,1013,13,1_1,0x165,27,0,0
19754,1014,10,1_1,0x190,27,0,0
19754,1014,15,0_1,0x62,22,0,0
19754,1015,3,1_1,0x190,27,0,1
19754,1015,17,1_1,0x3e8,27,0,0
19754,1016,11,1_1,0x190,26,0,1
19754,1016,15,0_1,0x42,21,0,0
19754,1017,5,1_1,0x165,27,0,0
19754,1018,1,1_1,0x165,27,0,0
19754,1018,15,0_1,0x42,21,0,0
19754,1018,15,1_1,0x190,27,0,0
19754,1019,10,1_1,0x165,27,0,0
19754,1020,6,1_1,0x165,27,0,0
19754,1020,15,0_1,0x42,23,0,0
19754,1020,17,1_1,0x3c9,27,0,1
19754,1021,13,1_1,0x165,27,0,0
19754,1022,7,1_1,0x3e8,27,0,0
19754,1022,15,0_1,0x2,24,0,0
19754,1023,1,1_1,0x165,27,0,1
19754,1023,15,1_1,0x190,27,0,0
19754,0,10,1_1,0x190,27,0,0
19754,0,15,0_1,0x2,25,0,0
19754,1,5,1_1,0x190,27,0,0
19754,2,1,1_1,0x190,27,0,0
19754,2,13,1_1,0x190,27,0,1
19754,2,15,0_1,0x62,23,0,0
19754,3,7,1_1,0x3c9,27,0,0
19754,4,1,1_1,0x165,26,0,1
19754,4,15,0_1,0x42,22,0,0
19754,4,17,1_1,0x3e8,27,0,0
19754,5,11,1_1,0x165,27,0,1
19754,6,5,1_1,0x165,27,0,0
19754,6,15,0_1,0x42,23,0,0
19754,7,0,1_1,0x165,27,0,0
19754,7,13,1_1,0x165,27,0,1
19754,8,10,1_1,0x165,27,0,0
19754,8,15,0_1,0x42,23,0,0
19754,9,3,1_1,0x190,27,0,1
19754,9,17,1_1,0x3e8,27,0,0
19754,10,11,1_1,0x165,26,0,1
19754,10,15,0_1,0x2,24,0,0
19754,11,5,1_1,0x190,27,0,0
19754,12,1,1_1,0x165,26,0,0
19754,12,15,0_1,0x2,25,0,0
19754,12,15,1_1,0x165,27,0,0
19754,13,10,1_1,0x190,27,0,0
19754,13,11,0_1,0x30,25,1,0
19754,14,3,1_1,0x190,27,0,1
19754,14,15,0_1,0x62,21,0,0
19754,14,17,1_1,0x3e8,27,0,0
19754,15,13,1_1,0x165,27,0,1
19754,16,7,1_1,0x3c9,27,0,0
19754,16,15,0_1,0x42,21,0,0
19754,17,1,1_1,0x165,27,0,1
19754,17,15,1_1,0x190,27,0,0
19754,18,10,1_1,0x165,27,0,0
19754,18,15,0_1,0x62,22,0,0
19754,19,5,1_1,0x190,27,0,0
19754,20,1,1_1,0x190,26,0,0
19754,20,13,1_1,0x165,27,0,1
19754,20,15,0_1,0x42,21,0,0
19754,21,7,1_1,0x3c9,27,0,0
19754,22,1,1_1,0x190,27,0,1
19754,22,15,0_1,0x42,21,0,0
19754,22,17,1_1,0x3c9,27,0,0
19754,23,11,1_1,0x165,27,0,1
19754,24,6,1_1,0x165,27,0,0
19754,24,15,0_1,0x42,22,0,0
19754,25,0,1_1,0x190,27,0,1
19754,25,13,1_1,0x165,27,0,0
19754,26,10,1_1,0x190,27,0,0
19754,26,15,0_1,0x62,22,0,0
19754,27,3,1_1,0x190,27,0,1
19754,27,17,1_1,0x3e8,27,0,0
19754,28,11,1_1,0x190,26,0,1
19754,28,15,0_1,0x42,21,0,0
19754,29,5,1_1,0x190,27,0,0
19754,30,1,1_1,0x190,27,0,0
19754,30,15,0_1,0x42,21,0,0
19754,30,15,1_1,0x190,27,0,0
19754,31,10,1_1,0x190,27,0,0
19754,32,6,1_1,0x190,27,0,0
19754,32,15,0_1,0x42,22,0,0
19754,32,17,1_1,0x3e8,27,0,1
19754,33,13,1_1,0x190,27,0,0
19754,34,7,1_1,0x3e8,27,0,0
19754,34,15,0_1,0x62,23,0,0
19754,35,1,1_1,0x165,27,0,1
19754,35,15,1_1,0x165,27,0,0
19754,36,10,1_1,0x165,27,0,0
19754,36,15,0_1,0x2,24,0,0
19754,37,5,1_1,0x190,27,0,0
19754,38,1,1_1,0x165,27,0,0
19754,38,13,1_1,0x190,27,0,1
19754,38,15,0_1,0x2,24,0,0
19754,39,7,1_1,0x3c9,27,0,0
19754,40,1,1_1,0x190,26,0,1
19754,40,15,0_1,0x62,22,0,0
19754,40,17,1_1,0x3c9,27,0,0
19754,41,11,1_1,0x190,27,0,1
19754,42,5,1_1,0x165,27,0,0
19754,42,15,0_1,0x42,21,0,0
19754,43,0,1_1,0x190,27,0,0
19754,43,13,1_1,0x190,27,0,1
19754,44,10,1_1,0x190,27,0,0
19754,44,15,0_1,0x42,23,0,0
19754,45,3,1_1,0x165,27,0,1
19754,45,17,1_1,0x3c9,27,0,0
19754,46,11,1_1,0x165,26,0,1
19754,46,15,0_1,0x62,23,0,0
19754,47,5,1_1,0x190,27,0,0
19754,48,1,1_1,0x165,26,0,0
19754,48,15,0_1,0x62,21,0,0
19754,48,15,1_1,0x190,27,0,0
19754,49,10,1_1,0x165,27,0,0
19754,50,3,1_1,0x190,27,0,1
19754,50,15,0_1,0x62,21,0,0
19754,50,17,1_1,0x3c9,27,0,0
19754,51,13,1_1,0x190,27,0,1
19754,52,7,1_1,0x3c9,27,0,0
19754,52,15,0_1,0x62,22,0,0
19754,53,1,1_1,0x190,27,0,1
19754,53,15,1_1,0x165,27,0,0
19754,54,10,1_1,0x165,27,0,0
19754,54,15,0_1,0x42,21,0,0
19754,55,5,1_1,0x165,27,0,0
19754,56,1,1_1,0x165,26,0,0
19754,56,13,1_1,0x190,27,0,1
19754,56,15,0_1,0x2,24,0,0
19754,57,7,1_1,0x3e8,27,0,0
19754,58,1,1_1,0x165,27,0,1
19754,58,15,0_1,0x2,24,0,0
19754,58,17,1_1,0x3c9,27,0,0
19754,59,11,1_1,0x165,27,0,1
19754,60,6,1_1,0x190,27,0,0
19754,60,15,0_1,0x2,24,0,0
19754,61,0,1_1,0x165,27,0,1
19754,61,13,1_1,0x190,27,0,0
19754,62,10,1_1,0x165,27,0,0
19754,62,15,0_1,0x2,24,0,0
19754,63,3,1_1,0x165,27,0,1
19754,63,17,1_1,0x3c9,27,0,0
19754,64,6,1_1,0x32,27,0,1
19754,64,11,1_1,0x165,26,0,2
19754,64,15,0_1,0x30,24,0,0
19754,65,5,1_1,0x190,27,0,0
19754,66,1,1_1,0x165,27,0,0
19754,66,15,0_1,0x62,22,0,0
19754,66,15,1_1,0x190,27,0,0
19754,67,10,1_1,0x165,27,0,0
19754,68,6,1_1,0x190,27,0,0
19754,68,15,0_1,0x42,21,0,0
19754,68,17,1_1,0x3e8,27,0,1
19754,69,13,1_1,0x165,27,0,0
19754,70,7,1_1,0x3c9,27,0,0
19754,70,15,0_1,0x42,23,0,0
19754,71,1,1_1,0x165,27,0,1
19754,71,15,1_1,0x165,27,0,0
19754,72,10,1_1,0x165,27,0,0
19754,72,15,0_1,0x42,22,0,0
19754,73,5,1_1,0x190,27,0,0
19754,74,1,1_1,0x190,27,0,0
19754,74,13,1_1,0x165,27,0,1
19754,74,15,0_1,0x2,24,0,0
19754,75,7,1_1,0x3c9,27,0,0
19754,76,1,1_1,0x165,26,0,1
19754,76,15,0_1,0x2,24,0,0
19754,76,17,1_1,0x3c9,27,0,0
19754,77,11,1_1,0x165,27,0,1
19754,78,5,1_1,0x190,27,0,0
19754,78,15,0_1,0x62,21,0,0
19754,79,0,1_1,0x165,27,0,0
19754,79,13,1_1,0x165,27,0,1
19754,80,10,1_1,0x165,27,0,0
19754,80,15,0_1,0x42,21,0,0
19754,81,3,1_1,0x190,27,0,1
19754,81,17,1_1,0x3c9,27,0,0
19754,82,11,1_1,0x190,26,0,1
19754,82,15,0_1,0x42,21,0,0
19754,83,5,1_1,0x190,27,0,0
19754,84,1,1_1,0x165,26,0,0
19754,84,15,0_1,0x30,24,0,0
19754,84,15,1_1,0x190,27,0,0
19754,85,10,1_1,0x190,27,0,0
19754,85,11,0_1,0x2,24,1,0
19754,86,3,1_1,0x190,27,0,1
19754,86,15,0_1,0x30,25,0,0
19754,86,17,1_1,0x3c9,27,0,0
19754,87,11,0_1,0x30,25,1,0
19754,87,13,1_1,0x190,27,0,1
19754,88,7,1_1,0x3c9,27,0,0
19754,88,15,0_1,0x62,22,0,0
19754,89,1,1_1,0x165,27,0,1
19754,89,15,1_1,0x190,27,0,0
19754,90,10,1_1,0x165,27,0,0
19754,90,15,0_1,0x62,22,0,0
19754,91,5,1_1,0x165,27,0,0
19754,92,1,1_1,0x165,26,0,0
19754,92,13,1_1,0x190,27,0,1
19754,92,15,0_1,0x62,21,0,0
19754,93,7,1_1,0x3e8,27,0,0
19754,94,1,1_1,0x165,27,0,1
19754,94,15,0_1,0x42,23,0,0
19754,94,17,1_1,0x3e8,27,0,0
19754,95,11,1_1,0x190,27,0,1
19754,96,6,1_1,0x190,27,0,0
19754,96,15,0_1,0x2,24,0,0
19754,97,0,1_1,0x190,27,0,1
19754,97,13,1_1,0x165,27,0,0
19754,98,10,1_1,0x190,27,0,0
19754,98,15,0_1,0x30,24,0,0
19754,99,3,1_1,0x190,27,0,1
19754,99,17,1_1,0x3e8,27,0,0
19754,100,11,1_1,0x190,26,0,1
19754,100,15,0_1,0x62,21,0,0
19754,101,5,1_1,0x190,27,0,0
19754,102,1,1_1,0x190,27,0,0
19754,102,15,0_1,0x62,21,0,0
19754,102,15,1_1,0x165,27,0,0
19754,103,10,1_1,0x190,27,0,0
19754,104,6,1_1,0x165,27,0,0
19754,104,15,0_1,0x42,22,0,0
19754,104,17,1_1,0x3c9,27,0,1
19754,105,13,1_1,0x165,27,0,0
19754,106,7,1_1,0x3e8,27,0,0
19754,106,15,0_1,0x62,23,0,0
19754,107,1,1_1,0x165,27,0,1
19754,107,15,1_1,0x190,27,0,0
19754,108,10,1_1,0x190,27,0,0
19754,108,15,0_1,0x62,21,0,0
19754,109,5,1_1,0x165,27,0,0
19754,110,1,1_1,0x165,27,0,0
19754,110,13,1_1,0x165,27,0,1
19754,110,15,0_1,0x42,21,0,0
19754,111,7,1_1,0x3c9,27,0,0
19754,112,1,1_1,0x165,26,0,1
19754,112,15,0_1,0x42,23,0,0
19754,112,17,1_1,0x3e8,27,0,0
19754,113,11,1_1,0x165,27,0,1
19754,114,5,1_1,0x165,27,0,0
19754,114,7,1_1,0x0,26,0,1
19754,114,15,0_1,0x42,23,0,0
19754,115,0,1_1,0x190,27,0,0
19754,115,13,1_1,0x165,27,0,1
19754,116,10,1_1,0x165,27,0,0
19754,116,15,0_1,0x42,22,0,0
19754,117,3,1_1,0x190,27,0,1
19754,117,17,1_1,0x3c9,27,0,0
19754,118,11,1_1,0x190,26,0,1
19754,118,15,0_1,0x2,24,0,0
19754,119,5,1_1,0x165,27,0,0
19754,120,1,1_1,0x190,26,0,0
19754,120,15,0_1,0x30,24,0,0
19754,120,15,1_1,0x165,27,0,0
19754,121,10,1_1,0x165,27,0,0
19754,122,3,1_1,0x165,27,0,1
19754,122,15,0_1,0x62,22,0,0
19754,122,17,1_1,0x3e8,27,0,0
19754,123,13,1_1,0x165,27,0,1
19754,124,7,1_1,0x3c9,27,0,0
19754,124,15,0_1,0x62,21,0,0
19754,125,1,1_1,0x190,27,0,1
19754,125,15,1_1,0x190,27,0,0
19754,126,10,1_1,0x165,27,0,0
19754,126,15,0_1,0x42,23,0,0
19754,127,5,1_1,0x190,27,0,0
19754,128,1,1_1,0x165,26,0,0
19754,128,13,1_1,0x190,27,0,1
19754,128,15,0_1,0x62,23,0,0
19754,129,7,1_1,0x3c9,27,0,0
19754,130,1,1_1,0x190,27,0,1
19754,130,15,0_1,0x62,21,0,0
19754,130,17,1_1,0x3c9,27,0,0
19754,131,11,1_1,0x165,27,0,1
19754,132,6,1_1,0x165,27,0,0
19754,132,15,0_1,0x42,21,0,0
19754,133,0,1_1,0x190,27,0,1
19754,133,13,1_1,0x190,27,0,0
19754,134,10,1_1,0x165,27,0,0
19754,134,15,0_1,0x42,21,0,0
19754,135,3,1_1,0x190,27,0,1
19754,135,17,1_1,0x3e8,27,0,0
19754,136,11,1_1,0x165,26,0,1
19754,136,15,0_1,0x2,24,0,0
19754,137,5,1_1,0x190,27,0,0
19754,138,1,1_1,0x165,27,0,0
19754,138,15,0_1,0x62,23,0,0
19754,138,15,1_1,0x190,27,0,0
19754,139,10,1_1,0x190,27,0,0
19754,140,6,1_1,0x165,27,0,0
19754,140,15,0_1,0x42,23,0,0
19754,140,17,1_1,0x3c9,27,0,1
19754,141,13,1_1,0x165,27,0,0
19754,142,7,1_1,0x3c9,27,0,0
19754,142,15,0_1,0x2,24,0,0
19754,143,1,1_1,0x165,27,0,1
19754,143,15,1_1,0x190,27,0,0
19754,144,10,1_1,0x190,27,0,0
19754,144,15,0_1,0x42,23,0,0
19754,145,5,1_1,0x165,27,0,0
19754,146,1,1_1,0x190,27,0,0
19754,146,13,1_1,0x190,27,0,1
19754,146,15,0_1,0x62,23,0,0
19754,147,7,1_1,0x3e8,27,0,0
19754,148,1,1_1,0x165,26,0,1
19754,148,15,0_1,0x62,21,0,0
19754,148,17,1_1,0x3c9,27,0,0
19754,149,11,1_1,0x190,27,0,1
19754,150,5,1_1,0x165,27,0,0
19754,150,15,0_1,0x62,21,0,0
19754,151,0,1_1,0x190,27,0,0
19754,151,13,1_1,0x190,27,0,1
19754,152,10,1_1,0x190,27,0,0
19754,152,15,0_1,0x62,21,0,0
19754,153,3,1_1,0x165,27,0,1
19754,153,17,1_1,0x3c9,27,0,0
19754,154,11,1_1,0x165,26,0,1
19754,154,15,0_1,0x62,21,0,0
19754,155,5,1_1,0x190,27,0,0
19754,156,1,1_1,0x190,26,0,0
19754,156,15,0_1,0x62,21,0,0
19754,156,15,1_1,0x165,27,0,0
19754,157,10,1_1,0x190,27,0,0
19754,158,3,1_1,0x190,27,0,1
19754,158,15,0_1,0x62,21,0,0
19754,158,17,1_1,0x3c9,27,0,0
19754,159,13,1_1,0x165,27,0,1
19754,160,7,1_1,0x3c9,27,0,0
19754,160,15,0_1,0x62,21,0,0
19754,161,1,1_1,0x190,27,0,1
19754,161,15,1_1,0x190,27,0,0
19754,162,10,1_1,0x165,27,0,0
19754,162,15,0_1,0x42,21,0,0
19754,163,5,1_1,0x165,27,0,0
19754,164,1,1_1,0x190,26,0,0
19754,164,10,1_1,0x0,27,0,1
19754,164,13,1_1,0x190,27,0,2
19754,164,15,0_1,0x62,23,0,0
19754,165,7,1_1,0x3c9,27,0,0
19754,165,11,0_1,0x62,23,1,0
19754,166,1,1_1,0x190,27,0,1
19754,166,15,0_1,0x42,21,0,0
19754,166,17,1_1,0x3e8,27,0,0
19754,167,11,1_1,0x165,27,0,1
19754,168,6,1_1,0x165,27,0,0
19754,168,15,0_1,0x62,22,0,0
19754,169,0,1_1,0x190,27,0,1
19754,169,13,1_1,0x190,27,0,0
19754,170,10,1_1,0x190,27,0,0
19754,170,15,0_1,0x62,21,0,0
19754,171,3,1_1,0x190,27,0,1
19754,171,17,1_1,0x3c9,27,0,0
19754,172,11,1_1,0x165,26,0,1
19754,172,15,0_1,0x62,21,0,0
19754,173,5,1_1,0x190,27,0,0
19754,174,1,1_1,0x190,27,0,0
19754,174,15,0_1,0x30,24,0,0
19754,174,15,1_1,0x165,27,0,0
19754,175,10,1_1,0x165,27,0,0
19754,176,6,1_1,0x190,27,0,0
19754,176,15,0_1,0x62,22,0,0
19754,176,17,1_1,0x3e8,27,0,1
19754,177,13,1_1,0x165,27,0,0
19754,178,7,1_1,0x3e8,27,0,0
19754,178,15,0_1,0x42,21,0,0
19754,179,1,1_1,0x165,27,0,1
19754,179,15,1_1,0x190,27,0,0
19754,180,10,1_1,0x190,27,0,0
19754,180,15,0_1,0x30,24,0,0
19754,181,5,1_1,0x190,27,0,0
19754,182,1,1_1,0x190,27,0,0
19754,182,13,1_1,0x190,27,0,1
19754,182,15,0_1,0x2,24,0,0
19754,183,7,1_1,0x3c9,27,0,0
19754,184,1,1_1,0x190,26,0,1
19754,184,15,0_1,0x62,22,0,0
19754,184,17,1_1,0x3c9,27,0,0
19754,185,11,1_1,0x190,27,0,1
19754,186,5,1_1,0x190,27,0,0
19754,186,15,0_1,0x62,21,0,0
19754,187,0,1_1,0x165,27,0,0
19754,187,13,1_1,0x165,27,0,1
19754,188,10,1_1,0x190,27,0,0
19754,188,15,0_1,0x42,22,0,0
19754,189,3,1_1,0x165,27,0,1
19754,189,17,1_1,0x3e8,27,0,0
19754,190,11,1_1,0x165,26,0,1
19754,190,15,0_1,0x62,21,0,0
19754,191,5,1_1,0x190,27,0,0
19754,192,1,1_1,0x190,26,0,0
19754,192,15,0_1,0x42,21,0,0
19754,192,15,1_1,0x190,27,0,0
19754,193,10,1_1,0x190,27,0,0
19754,194,3,1_1,0x165,27,0,1
19754,194,15,0_1,0x42,21,0,0
19754,194,17,1_1,0x3c9,27,0,0
19754,195,13,1_1,0x165,27,0,1
19754,196,7,1_1,0x3e8,27,0,0
19754,196,15,0_1,0x62,23,0,0
19754,197,1,1_1,0x190,27,0,1
19754,197,15,1_1,0x165,27,0,0
19754,198,10,1_1,0x190,27,0,0
19754,198,15,0_1,0x62,22,0,0
19754,199,5,1_1,0x190,27,0,0
19754,200,1,1_1,0x165,26,0,0
19754,200,13,1_1,0x165,27,0,1
19754,200,15,0_1,0x62,23,0,0
19754,201,7,1_1,0x3e8,27,0,0
19754,202,1,1_1,0x165,27,0,1
19754,202,15,0_1,0x62,21,0,0
19754,202,17,1_1,0x3e8,27,0,0
19754,203,11,1_1,0x165,27,0,1
19754,204,6,1_1,0x190,27,0,0
19754,204,15,0_1,0x42,21,0,0
19754,205,0,1_1,0x165,27,0,1
19754,205,13,1_1,0x165,27,0,0
19754,206,10,1_1,0x165,27,0,0
19754,206,15,0_1,0x62,21,0,0
19754,207,3,1_1,0x165,27,0,1
19754,207,17,1_1,0x3e8,27,0,0
19754,208,11,1_1,0x165,26,0,1
19754,208,15,0_1,0x42,21,0,0
19754,209,5,1_1,0x190,27,0,0
19754,210,1,1_1,0x190,27,0,0
19754,210,15,0_1,0x62,21,0,0
19754,210,15,1_1,0x190,27,0,0
19754,211,10,1_1,0x190,27,0,0
19754,212,6,1_1,0x190,27,0,0
19754,212,15,0_1,0x42,22,0,0
19754,212,17,1_1,0x3c9,27,0,1
19754,213,13,1_1,0x190,27,0,0
19754,214,7,1_1,0x3e8,27,0,0
19754,214,11,1_1,0x0,26,0,1
19754,214,15,0_1,0x42,21,0,0
19754,215,1,1_1,0x165,27,0,2
19754,215,15,1_1,0x165,27,0,0
19754,216,10,1_1,0x190,27,0,0
19754,217,5,1_1,0x165,27,0,0
19754,218,1,1_1,0x190,27,0,0
19754,218,13,1_1,0x190,27,0,1
19754,218,15,0_1,0x42,22,0,0
19754,219,7,1_1,0x3c9,27,0,0
19754,220,1,1_1,0x165,26,0,1
19754,220,15,0_1,0x30,24,0,0
19754,220,17,1_1,0x3c9,27,0,0
19754,221,11,1_1,0x190,27,0,1
19754,222,5,1_1,0x190,27,0,0
19754,222,15,0_1,0x42,22,0,0
19754,223,0,1_1,0x190,27,0,0
19754,223,13,1_1,0x165,27,0,1
19754,224,10,1_1,0x190,27,0,0
19754,224,15,0_1,0x42,21,0,0
19754,225,3,1_1,0x190,27,0,1
19754,225,17,1_1,0x3c9,27,0,0
19754,226,11,1_1,0x165,26,0,1
19754,226,15,0_1,0x42,21,0,0
19754,227,5,1_1,0x165,27,0,0
19754,228,1,1_1,0x190,26,0,0
19754,228,15,0_1,0x2,24,0,0
19754,228,15,1_1,0x165,27,0,0
19754,229,10,1_1,0x190,27,0,0
19754,230,3,1_1,0x165,27,0,1
19754,230,15,0_1,0x42,22,0,0
19754,230,17,1_1,0x3c9,27,0,0
19754,231,13,1_1,0x165,27,0,1
19754,232,7,1_1,0x3c9,27,0,0
19754,232,15,0_1,0x42,23,0,0
19754,233,1,1_1,0x190,27,0,1
19754,233,15,1_1,0x165,27,0,0
19754,234,10,1_1,0x165,27,0,0
19754,234,15,0_1,0x62,22,0,0
19754,235,5,1_1,0x165,27,0,0
19754,236,1,1_1,0x190,26,0,0
19754,236,13,1_1,0x190,27,0,1
19754,236,15,0_1,0x62,21,0,0
19754,237,7,1_1,0x3e8,27,0,0
19754,238,1,1_1,0x190,27,0,1
19754,238,15,0_1,0x42,21,0,0
19754,238,17,1_1,0x3c9,27,0,0
19754,239,11,1_1,0x165,27,0,1
19754,240,6,1_1,0x165,27,0,0
19754,240,15,0_1,0x42,23,0,0
19754,241,0,1_1,0x190,27,0,1
19754,241,13,1_1,0x165,27,0,0
19754,242,10,1_1,0x190,27,0,0
19754,242,15,0_1,0x42,23,0,0
19754,243,3,1_1,0x190,27,0,1
19754,243,17,1_1,0x3c9,27,0,0
19754,244,11,1_1,0x190,26,0,1
19754,244,15,0_1,0x62,22,0,0
19754,245,5,1_1,0x190,27,0,0
19754,246,1,1_1,0x165,27,0,0
19754,246,15,0_1,0x30,24,0,0
19754,246,15,1_1,0x165,27,0,0
19754,247,10,1_1,0x165,27,0,0
19754,248,6,1_1,0x165,27,0,0
19754,248,15,0_1,0x42,21,0,0
19754,248,17,1_1,0x3e8,27,0,1
19754,249,13,1_1,0x165,27,0,0
19754,250,7,1_1,0x3e8,27,0,0
19754,250,15,0_1,0x42,22,0,0
19754,251,1,1_1,0x190,27,0,1
19754,251,15,1_1,0x190,27,0,0
19754,252,10,1_1,0x165,27,0,0
19754,252,15,0_1,0x62,23,0,0
19754,253,5,1_1,0x165,27,0,0
19754,254,1,1_1,0x165,27,0,0
19754,254,13,1_1,0x165,27,0,1
19754,254,15,0_1,0x62,21,0,0
19754,255,7,1_1,0x3c9,27,0,0
19754,256,1,1_1,0x190,26,0,1
19754,256,15,0_1,0x42,21,0,0
19754,256,17,1_1,0x3c9,27,0,0
19754,257,11,1_1,0x165,27,0,1
19754,258,5,1_1,0x165,27,0,0
19754,258,15,0_1,0x30,24,0,0
19754,259,0,1_1,0x165,27,0,0
19754,259,13,1_1,0x190,27,0,1
19754,260,10,1_1,0x190,27,0,0
19754,260,15,0_1,0x62,21,0,0
19754,261,3,1_1,0x165,27,0,1
19754,261,17,1_1,0x3e8,27,0,0
19754,262,11,1_1,0x190,26,0,1
19754,262,15,0_1,0x62,21,0,0
19754,263,5,1_1,0x190,27,0,0
19754,264,1,1_1,0x190,26,0,0
19754,264,13,1_1,0x32,27,0,1
19754,264,15,0_1,0x62,21,0,0
19754,264,15,1_1,0x165,27,0,0
19754,265,10,1_1,0x165,27,0,0
19754,266,3,1_1,0x165,27,0,1
19754,266,15,0_1,0x62,23,0,0
19754,266,17,1_1,0x3c9,27,0,0
19754,267,13,1_1,0x165,27,0,1
19754,268,7,1_1,0x3c9,27,0,0
19754,268,15,0_1,0x62,21,0,0
19754,269,1,1_1,0x190,27,0,1
19754,269,15,1_1,0x165,27,0,0
19754,270,10,1_1,0x190,27,0,0
19754,270,15,0_1,0x42,21,0,0
19754,271,5,1_1,0x190,27,0,0
19754,272,1,1_1,0x190,26,0,0
19754,272,13,1_1,0x165,27,0,1
19754,272,15,0_1,0x42,23,0,0
19754,273,7,1_1,0x3c9,27,0,0
19754,274,1,1_1,0x190,27,0,1
19754,274,15,0_1,0x2,24,0,0
19754,274,17,1_1,0x3e8,27,0,0
19754,275,11,1_1,0x165,27,0,1
19754,276,6,1_1,0x165,27,0,0
19754,276,15,0_1,0x62,23,0,0
19754,277,0,1_1,0x165,27,0,1
19754,277,13,1_1,0x165,27,0,0
19754,278,10,1_1,0x165,27,0,0
19754,278,15,0_1,0x42,21,0,0
19754,279,3,1_1,0x190,27,0,1
19754,279,17,1_1,0x3e8,27,0,0
19754,280,11,1_1,0x165,26,0,1
19754,280,15,0_1,0x42,22,0,0
19754,281,5,1_1,0x190,27,0,0
19754,282,1,1_1,0x165,27,0,0
19754,282,15,0_1,0x62,21,0,0
19754,282,15,1_1,0x190,27,0,0
19754,283,10,1_1,0x190,27,0,0
19754,284,6,1_1,0x190,27,0,0
19754,284,15,0_1,0x42,21,0,0
19754,284,17,1_1,0x3e8,27,0,1
19754,285,13,1_1,0x190,27,0,0
19754,286,7,1_1,0x3c9,27,0,0
19754,286,15,0_1,0x62,22,0,0
19754,287,1,1_1,0x165,27,0,1
19754,287,15,1_1,0x190,27,0,0
19754,288,10,1_1,0x190,27,0,0
19754,288,15,0_1,0x42,21,0,0
19754,289,5,1_1,0x165,27,0,0
19754,290,1,1_1,0x165,27,0,0
19754,290,13,1_1,0x190,27,0,1
19754,290,15,0_1,0x62,21,0,0
19754,291,7,1_1,0x3e8,27,0,0
19754,292,1,1_1,0x165,26,0,1
19754,292,15,0_1,0x62,21,0,0
19754,292,17,1_1,0x3e8,27,0,0
19754,293,11,1_1,0x190,27,0,1
19754,294,5,1_1,0x190,27,0,0
19754,294,15,0_1,0x42,21,0,0
19754,295,0,1_1,0x165,27,0,0
19754,295,13,1_1,0x190,27,0,1
19754,296,10,1_1,0x190,27,0,0
19754,296,15,0_1,0x62,23,0,0
19754,297,3,1_1,0x190,27,0,1
19754,297,17,1_1,0x3e8,27,0,0
19754,298,11,1_1,0x165,26,0,1
19754,298,15,0_1,0x62,21,0,0
19754,299,5,1_1,0x190,27,0,0
19754,300,1,1_1,0x190,26,0,0
19754,300,15,0_1,0x42,21,0,0
19754,300,15,1_1,0x190,27,0,0
19754,301,10,1_1,0x165,27,0,0
19754,302,3,1_1,0x190,27,0,1
19754,302,15,0_1,0x62,23,0,0
19754,302,17,1_1,0x3c9,27,0,0
19754,303,13,1_1,0x165,27,0,1
19754,304,7,1_1,0x3c9,27,0,0
19754,304,15,0_1,0x62,21,0,0
19754,305,1,1_1,0x165,27,0,1
19754,305,15,1_1,0x165,27,0,0
19754,306,10,1_1,0x190,27,0,0
19754,306,15,0_1,0x62,21,0,0
19754,307,5,1_1,0x165,27,0,0
19754,308,1,1_1,0x190,26,0,0
19754,308,13,1_1,0x190,27,0,1
19754,308,15,0_1,0x42,21,0,0
19754,309,7,1_1,0x3e8,27,0,0
19754,310,1,1_1,0x165,27,0,1
19754,310,15,0_1,0x42,23,0,0
19754,310,17,1_1,0x3c9,27,0,0
19754,311,11,1_1,0x190,27,0,1
19754,312,6,1_1,0x165,27,0,0
19754,312,15,0_1,0x42,21,0,0
19754,313,0,1_1,0x190,27,0,1
19754,313,13,1_1,0x165,27,0,0
19754,314,10,1_1,0x190,27,0,0
19754,314,15,0_1,0x2,24,0,0
19754,314,15,1_1,0x32,27,0,1
19754,315,3,1_1,0x190,27,0,2
19754,315,17,1_1,0x3c9,27,0,0
19754,316,11,1_1,0x190,26,0,1
19754,316,15,0_1,0x42,21,0,0
19754,317,5,1_1,0x190,27,0,0
19754,318,1,1_1,0x165,27,0,0
19754,318,15,0_1,0x42,23,0,0
19754,318,15,1_1,0x165,27,0,0
19754,319,10,1_1,0x165,27,0,0
19754,320,6,1_1,0x190,27,0,0
19754,320,15,0_1,0x2,24,0,0
19754,320,17,1_1,0x3e8,27,0,1
19754,321,13,1_1,0x190,27,0,0
19754,322,7,1_1,0x3e8,27,0,0
19754,322,15,0_1,0x30,24,0,0
19754,323,1,1_1,0x190,27,0,1
19754,323,11,0_1,0x30,24,1,0
19754,323,15,1_1,0x190,27,0,0
19754,324,10,1_1,0x190,27,0,0
19754,324,15,0_1,0x30,24,0,0
19754,325,5,1_1,0x165,27,0,0
19754,326,1,1_1,0x190,27,0,0
19754,326,13,1_1,0x190,27,0,1
19754,326,15,0_1,0x62,21,0,0
19754,327,7,1_1,0x3e8,27,0,0
19754,328,1,1_1,0x190,26,0,1
19754,328,15,0_1,0x62,21,0,0
19754,328,17,1_1,0x3c9,27,0,0
19754,329,11,1_1,0x190,27,0,1
19754,330,5,1_1,0x190,27,0,0
19754,330,15,0_1,0x62,21,0,0
19754,331,0,1_1,0x165,27,0,0
19754,331,13,1_1,0x165,27,0,1
19754,332,10,1_1,0x165,27,0,0
19754,332,15,0_1,0x62,21,0,0
19754,333,3,1_1,0x190,27,0,1
19754,333,17,1_1,0x3c9,27,0,0
19754,334,11,1_1,0x190,26,0,1
19754,334,15,0_1,0x62,21,0,0
19754,335,5,1_1,0x165,27,0,0
19754,336,1,1_1,0x190,26,0,0
19754,336,15,0_1,0x42,21,0,0
19754,336,15,1_1,0x190,27,0,0
19754,337,10,1_1,0x165,27,0,0
19754,338,3,1_1,0x165,27,0,1
19754,338,15,0_1,0x42,21,0,0
19754,338,17,1_1,0x3e8,27,0,0
19754,339,13,1_1,0x165,27,0,1
19754,340,7,1_1,0x3e8,27,0,0
19754,340,15,0_1,0x42,23,0,0
19754,341,1,1_1,0x165,27,0,1
19754,341,15,1_1,0x190,27,0,0
19754,342,10,1_1,0x190,27,0,0
19754,342,15,0_1,0x2,24,0,0
19754,343,5,1_1,0x165,27,0,0
19754,344,1,1_1,0x165,26,0,0
19754,344,13,1_1,0x190,27,0,1
19754,344,15,0_1,0x62,23,0,0
19754,345,7,1_1,0x3e8,27,0,0
19754,346,1,1_1,0x190,27,0,1
19754,346,15,0_1,0x62,21,0,0
19754,346,17,1_1,0x3e8,27,0,0
19754,347,11,1_1,0x190,27,0,1
19754,348,6,1_1,0x165,27,0,0
19754,348,15,0_1,0x62,21,0,0
19754,349,0,1_1,0x165,27,0,1
19754,349,13,1_1,0x165,27,0,0
19754,350,10,1_1,0x190,27,0,0
19754,350,15,0_1,0x62,21,0,0
19754,351,3,1_1,0x165,27,0,1
19754,351,17,1_1,0x3e8,27,0,0
19754,352,11,1_1,0x165,26,0,1
19754,352,15,0_1,0x62,21,0,0
19754,353,5,1_1,0x190,27,0,0
19754,354,1,1_1,0x165,27,0,0
19754,354,15,0_1,0x42,21,0,0
19754,354,15,1_1,0x165,27,0,0
19754,355,10,1_1,0x190,27,0,0
19754,356,6,1_1,0x190,27,0,0
19754,356,15,0_1,0x62,22,0,0
19754,356,17,1_1,0x3e8,27,0,1
19754,357,13,1_1,0x190,27,0,0
19754,358,7,1_1,0x3c9,27,0,0
19754,358,15,0_1,0x42,22,0,0
19754,359,1,1_1,0x165,27,0,1
19754,359,15,1_1,0x190,27,0,0
19754,360,10,1_1,0x190,27,0,0
19754,360,15,0_1,0x62,23,0,0
19754,361,5,1_1,0x165,27,0,0
19754,362,1,1_1,0x190,27,0,0
19754,362,13,1_1,0x190,27,0,1
19754,362,15,0_1,0x42,21,0,0
19754,363,7,1_1,0x3c9,27,0,0
19754,364,1,1_1,0x165,26,0,1
19754,364,15,0_1,0x2,24,0,0
19754,364,17,1_1,0x3e8,27,0,0
19754,365,11,1_1,0x165,27,0,1
19754,366,5,1_1,0x190,27,0,0
19754,366,15,0_1,0x62,22,0,0
19754,367,0,1_1,0x190,27,0,0
19754,367,13,1_1,0x165,27,0,1
19754,368,10,1_1,0x165,27,0,0
19754,368,15,0_1,0x42,21,0,0
19754,369,3,1_1,0x190,27,0,1
19754,369,17,1_1,0x3c9,27,0,0
19754,370,11,1_1,0x190,26,0,1
19754,370,15,0_1,0x42,21,0,0
19754,371,5,1_1,0x165,27,0,0
19754,372,1,1_1,0x190,26,0,0
19754,372,15,0_1,0x30,24,0,0
19754,372,15,1_1,0x190,27,0,0
19754,373,10,1_1,0x190,27,0,0
19754,374,3,1_1,0x190,27,0,1
19754,374,15,0_1,0x42,22,0,0
19754,374,17,1_1,0x3c9,27,0,0
19754,375,13,1_1,0x165,27,0,1
19754,376,7,1_1,0x3e8,27,0,0
19754,376,15,0_1,0x2,24,0,0
19754,377,1,1_1,0x165,27,0,1
19754,377,15,1_1,0x190,27,0,0
19754,378,10,1_1,0x165,27,0,0
19754,378,15,0_1,0x42,21,0,0
19754,379,5,1_1,0x165,27,0,0
19754,380,1,1_1,0x190,26,0,0
19754,380,13,1_1,0x165,27,0,1
19754,380,15,0_1,0x42,21,0,0
19754,381,7,1_1,0x3e8,27,0,0
19754,382,1,1_1,0x165,27,0,1
19754,382,15,0_1,0x62,21,0,0
19754,382,17,1_1,0x3c9,27,0,0
19754,383,11,1_1,0x165,27,0,1
19754,384,6,1_1,0x190,27,0,0
19754,384,15,0_1,0x62,21,0,0
19754,385,0,1_1,0x165,27,0,1
19754,385,13,1_1,0x190,27,0,0
19754,386,10,1_1,0x190,27,0,0
19754,386,15,0_1,0x62,21,0,0
19754,387,3,1_1,0x190,27,0,1
19754,387,17,1_1,0x3e8,27,0,0
19754,388,11,1_1,0x165,26,0,1
19754,388,15,0_1,0x62,22,0,0
19754,389,5,1_1,0x190,27,0,0
19754,390,1,1_1,0x190,27,0,0
19754,390,15,0_1,0x62,23,0,0
19754,390,15,1_1,0x165,27,0,0
19754,391,10,1_1,0x165,27,0,0
19754,392,6,1_1,0x190,27,0,0
19754,392,15,0_1,0x42,23,0,0
19754,392,17,1_1,0x3c9,27,0,1
19754,393,13,1_1,0x165,27,0,0
19754,394,7,1_1,0x3e8,27,0,0
19754,394,15,0_1,0x30,24,0,0
19754,395,1,1_1,0x190,27,0,1
19754,395,15,1_1,0x165,27,0,0
19754,396,10,1_1,0x190,27,0,0
19754,396,15,0_1,0x30,24,0,0
19754,397,5,1_1,0x165,27,0,0
19754,398,1,1_1,0x165,27,0,0
19754,398,13,1_1,0x190,27,0,1
19754,398,15,0_1,0x42,22,0,0
19754,399,7,1_1,0x3c9,27,0,0
19754,400,1,1_1,0x165,26,0,1
19754,400,15,0_1,0x2,24,0,0
19754,400,17,1_1,0x3e8,27,0,0
19754,401,11,1_1,0x165,27,0,1
19754,402,5,1_1,0x190,27,0,0
19754,402,15,0_1,0x30,24,0,0
19754,403,0,1_1,0x190,27,0,0
19754,403,13,1_1,0x165,27,0,1
19754,404,10,1_1,0x165,27,0,0
19754,404,15,0_1,0x30,25,0,0
19754,405,3,1_1,0x165,27,0,1
19754,405,11,0_1,0x2,25,1,0
19754,405,17,1_1,0x3e8,27,0,0
19754,406,11,1_1,0x190,26,0,1
19754,406,15,0_1,0x62,21,0,0
19754,407,5,1_1,0x190,27,0,0
19754,408,1,1_1,0x165,26,0,0
19754,408,15,0_1,0x42,21,0,0
19754,408,15,1_1,0x165,27,0,0
19754,409,10,1_1,0x190,27,0,0
19754,410,3,1_1,0x190,27,0,1
19754,410,15,0_1,0x42,21,0,0
19754,410,17,1_1,0x3c9,27,0,0
19754,411,13,1_1,0x165,27,0,1
19754,412,7,1_1,0x3e8,27,0,0
19754,412,15,0_1,0x62,21,0,0
19754,413,1,1_1,0x165,27,0,1
19754,413,15,1_1,0x165,27,0,0
19754,414,10,1_1,0x165,27,0,0
19754,414,15,0_1,0x42,21,0,0
19754,415,0,1_1,0x0,27,0,1
19754,415,5,1_1,0x190,27,0,0
19754,416,1,1_1,0x190,26,0,0
19754,416,13,1_1,0x190,27,0,1
19754,416,15,0_1,0x62,21,0,0
19754,417,7,1_1,0x3c9,27,0,0
19754,418,1,1_1,0x190,27,0,1
19754,418,15,0_1,0x42,21,0,0
19754,418,17,1_1,0x3e8,27,0,0
19754,419,11,1_1,0x190,27,0,1
19754,420,6,1_1,0x190,27,0,0
19754,420,15,0_1,0x42,23,0,0
19754,421,0,1_1,0x165,27,0,1
19754,421,13,1_1,0x165,27,0,0
19754,422,10,1_1,0x165,27,0,0
19754,422,15,0_1,0x42,23,0,0
19754,423,3,1_1,0x165,27,0,1
19754,423,17,1_1,0x3e8,27,0,0
19754,424,11,1_1,0x190,26,0,1
19754,424,15,0_1,0x2,24,0,0
19754,425,5,1_1,0x165,27,0,0
19754,425,11,0_1,0x30,24,1,0
19754,426,1,1_1,0x165,27,0,0
19754,426,15,0_1,0x42,21,0,0
19754,426,15,1_1,0x165,27,0,0
19754,427,10,1_1,0x190,27,0,0
19754,428,6,1_1,0x165,27,0,0
19754,428,15,0_1,0x62,22,0,0
19754,428,17,1_1,0x3e8,27,0,1
19754,429,13,1_1,0x165,27,0,0
19754,430,7,1_1,0x3e8,27,0,0
19754,430,15,0_1,0x30,24,0,0
19754,431,1,1_1,0x190,27,0,1
19754,431,15,1_1,0x190,27,0,0
19754,432,10,1_1,0x165,27,0,0
19754,432,15,0_1,0x30,24,0,0
19754,433,5,1_1,0x165,27,0,0
19754,434,1,1_1,0x165,27,0,0
19754,434,13,1_1,0x165,27,0,1
19754,434,15,0_1,0x30,24,0,0
19754,435,7,1_1,0x3c9,27,0,0
19754,436,1,1_1,0x190,26,0,1
19754,436,15,0_1,0x62,21,0,0
19754,436,17,1_1,0x3e8,27,0,0
19754,437,11,1_1,0x190,27,0,1
19754,438,5,1_1,0x190,27,0,0
19754,438,15,0_1,0x42,21,0,0
19754,439,0,1_1,0x190,27,0,0
19754,439,13,1_1,0x190,27,0,1
19754,440,10,1_1,0x165,27,0,0
19754,440,15,0_1,0x30,24,0,0
19754,441,3,1_1,0x165,27,0,1
19754,441,17,1_1,0x3e8,27,0,0
19754,442,11,1_1,0x190,26,0,1
19754,442,15,0_1,0x62,21,0,0
19754,443,5,1_1,0x190,27,0,0
19754,444,1,1_1,0x165,26,0,0
19754,444,15,0_1,0x62,21,0,0
19754,444,15,1_1,0x190,27,0,0
19754,445,10,1_1,0x165,27,0,0
19754,446,3,1_1,0x165,27,0,1
19754,446,15,0_1,0x42,21,0,0
19754,446,17,1_1,0x3e8,27,0,0
19754,447,13,1_1,0x190,27,0,1
19754,448,7,1_1,0x3e8,27,0,0
19754,448,15,0_1,0x62,21,0,0
19754,449,1,1_1,0x190,27,0,1
19754,449,15,1_1,0x165,27,0,0
19754,450,10,1_1,0x165,27,0,0
19754,450,15,0_1,0x62,21,0,0
19754,451,5,1_1,0x190,27,0,0
19754,452,1,1_1,0x165,26,0,0
19754,452,13,1_1,0x165,27,0,1
19754,452,15,0_1,0x62,20,0,0
19754,453,7,1_1,0x3e8,27,0,0
19754,454,1,1_1,0x190,27,0,1
19754,454,15,0_1,0x42,20,0,0
19754,454,17,1_1,0x3c9,27,0,0
19754,455,11,1_1,0x190,27,0,1
19754,456,6,1_1,0x190,27,0,0
19754,456,15,0_1,0x62,21,0,0
19754,457,0,1_1,0x190,27,0,1
19754,457,13,1_1,0x165,27,0,0
19754,458,10,1_1,0x190,27,0,0
19754,458,15,0_1,0x62,21,0,0
19754,459,3,1_1,0x190,27,0,1
19754,459,17,1_1,0x3e8,27,0,0
19754,460,11,1_1,0x165,26,0,1
19754,460,15,0_1,0x62,21,0,0
19754,461,5,1_1,0x165,27,0,0
19754,462,1,1_1,0x165,27,0,0
19754,462,15,0_1,0x42,21,0,0
19754,462,15,1_1,0x165,27,0,0
19754,463,10,1_1,0x190,27,0,0
19754,464,6,1_1,0x190,27,0,0
19754,464,15,0_1,0x62,21,0,0
19754,464,17,1_1,0x3c9,27,0,1
19754,465,1,1_1,0x0,27,0,2
19754,465,13,1_1,0x190,27,0,0
19754,466,7,1_1,0x3c9,27,0,0
19754,466,15,0_1,0x42,21,0,0
19754,467,1,1_1,0x165,27,0,1
19754,467,15,1_1,0x190,27,0,0
19754,468,10,1_1,0x165,27,0,0
19754,468,15,0_1,0x42,21,0,0
19754,469,5,1_1,0x165,27,0,0
19754,470,1,1_1,0x190,27,0,0
19754,470,13,1_1,0x165,27,0,1
19754,470,15,0_1,0x42,21,0,0
19754,471,7,1_1,0x3c9,27,0,0
19754,472,1,1_1,0x165,26,0,1
19754,472,15,0_1,0x42,21,0,0
19754,472,17,1_1,0x3c9,27,0,0
19754,473,11,1_1,0x190,27,0,1
19754,474,5,1_1,0x190,27,0,0
19754,474,15,0_1,0x42,23,0,0
19754,475,0,1_1,0x190,27,0,0
19754,475,13,1_1,0x165,27,0,1
19754,476,10,1_1,0x165,27,0,0
19754,476,15,0_1,0x42,23,0,0
19754,477,3,1_1,0x165,27,0,1
19754,477,17,1_1,0x3e8,27,0,0
19754,478,11,1_1,0x190,26,0,1
19754,478,15,0_1,0x30,24,0,0
19754,479,5,1_1,0x190,27,0,0
19754,480,1,1_1,0x165,26,0,0
19754,480,15,0_1,0x62,21,0,0
19754,480,15,1_1,0x190,27,0,0
19754,481,10,1_1,0x165,27,0,0
19754,482,3,1_1,0x165,27,0,1
19754,482,15,0_1,0x42,21,0,0
19754,482,17,1_1,0x3e8,27,0,0
19754,483,13,1_1,0x190,27,0,1
19754,484,7,1_1,0x3e8,27,0,0
19754,484,15,0_1,0x42,23,0,0
19754,485,1,1_1,0x165,27,0,1
19754,485,15,1_1,0x165,27,0,0
19754,486,10,1_1,0x165,27,0,0
19754,486,15,0_1,0x62,22,0,0
19754,487,5,1_1,0x190,27,0,0
19754,488,1,1_1,0x190,26,0,0
19754,488,15,0_1,0x42,21,0,0
19754,489,7,1_1,0x3c9,27,0,0
19754,490,1,1_1,0x190,27,0,1
19754,490,15,0_1,0x62,21,0,0
19754,490,17,1_1,0x3e8,27,0,0
19754,491,11,1_1,0x190,27,0,1
19754,492,6,1_1,0x190,27,0,0
19754,492,15,0_1,0x62,21,0,0
19754,493,0,1_1,0x165,27,0,1
19754,493,13,1_1,0x165,27,0,0
19754,494,10,1_1,0x190,27,0,0
19754,494,15,0_1,0x62,21,0,0
19754,495,3,1_1,0x190,27,0,1
19754,495,17,1_1,0x3c9,27,0,0
19754,496,11,1_1,0x190,26,0,1
19754,496,15,0_1,0x42,21,0,0
19754,497,5,1_1,0x165,27,0,0
19754,498,1,1_1,0x190,27,0,0
19754,498,15,0_1,0x42,21,0,0
19754,498,15,1_1,0x190,27,0,0
19754,499,10,1_1,0x190,27,0,0
19754,500,6,1_1,0x190,27,0,0
19754,500,15,0_1,0x42,21,0,0
19754,500,17,1_1,0x3e8,27,0,1
19754,501,13,1_1,0x165,27,0,0
19754,502,7,1_1,0x3e8,27,0,0
19754,502,15,0_1,0x62,23,0,0
19754,503,1,1_1,0x165,27,0,1
19754,503,15,1_1,0x190,27,0,0
19754,504,10,1_1,0x165,27,0,0
19754,504,15,0_1,0x2,24,0,0
19754,505,5,1_1,0x190,27,0,0
19754,506,1,1_1,0x190,27,0,0
19754,506,13,1_1,0x190,27,0,1
19754,506,15,0_1,0x42,21,0,0
19754,507,7,1_1,0x3e8,27,0,0
19754,508,1,1_1,0x165,26,0,1
19754,508,15,0_1,0x42,22,0,0
19754,508,17,1_1,0x3c9,27,0,0
19754,509,11,1_1,0x190,27,0,1
19754,510,5,1_1,0x190,27,0,0
19754,510,15,0_1,0x2,24,0,0
19754,511,0,1_1,0x165,27,0,0
19754,511,13,1_1,0x165,27,0,1
19754,512,10,1_1,0x165,27,0,0
19754,512,15,0_1,0x42,23,0,0
19754,513,3,1_1,0x190,27,0,1
19754,513,17,1_1,0x3c9,27,0,0
19754,514,11,1_1,0x165,26,0,1
19754,514,15,0_1,0x2,24,0,0
19754,515,3,1_1,0x32,27,0,0
19754,515,5,1_1,0x190,27,0,1
19754,516,1,1_1,0x190,26,0,0
19754,516,15,0_1,0x42,23,0,0
19754,516,15,1_1,0x190,27,0,0
19754,517,10,1_1,0x190,27,0,0
19754,518,3,1_1,0x190,27,0,1
19754,518,15,0_1,0x42,21,0,0
19754,518,17,1_1,0x3c9,27,0,0
19754,519,13,1_1,0x165,27,0,1
19754,520,7,1_1,0x3e8,27,0,0
19754,520,15,0_1,0x42,23,0,0
19754,521,1,1_1,0x165,27,0,1
19754,521,15,1_1,0x190,27,0,0
19754,522,10,1_1,0x165,27,0,0
19754,522,15,0_1,0x62,21,0,0
19754,523,5,1_1,0x165,27,0,0
19754,524,1,1_1,0x165,26,0,0
19754,524,13,1_1,0x190,27,0,1
19754,524,15,0_1,0x62,21,0,0
19754,525,7,1_1,0x3c9,27,0,0
19754,526,1,1_1,0x165,27,0,1
19754,526,15,0_1,0x42,21,0,0
19754,526,17,1_1,0x3e8,27,0,0
19754,527,11,1_1,0x190,27,0,1
19754,528,6,1_1,0x165,27,0,0
19754,528,15,0_1,0x42,21,0,0
19754,529,0,1_1,0x190,27,0,1
19754,529,13,1_1,0x165,27,0,0
19754,530,10,1_1,0x165,27,0,0
19754,530,15,0_1,0x30,24,0,0
19754,531,3,1_1,0x165,27,0,1
19754,531,17,1_1,0x3c9,27,0,0
19754,532,11,1_1,0x190,26,0,1
19754,532,15,0_1,0x62,22,0,0
19754,533,5,1_1,0x190,27,0,0
19754,534,1,1_1,0x165,27,0,0
19754,534,15,0_1,0x62,21,0,0
19754,534,15,1_1,0x190,27,0,0
19754,535,10,1_1,0x165,27,0,0
19754,536,6,1_1,0x190,27,0,0
19754,536,15,0_1,0x42,22,0,0
19754,536,17,1_1,0x3e8,27,0,1
19754,537,13,1_1,0x165,27,0,0
19754,538,7,1_1,0x3c9,27,0,0
19754,538,15,0_1,0x42,21,0,0
19754,539,1,1_1,0x165,27,0,1
19754,539,15,1_1,0x165,27,0,0
19754,540,10,1_1,0x165,27,0,0
19754,540,15,0_1,0x42,22,0,0
19754,541,5,1_1,0x190,27,0,0
19754,542,1,1_1,0x165,27,0,0
19754,542,13,1_1,0x190,27,0,1
19754,542,15,0_1,0x62,23,0,0
19754,543,7,1_1,0x3e8,27,0,0
19754,544,1,1_1,0x165,26,0,1
19754,544,15,0_1,0x62,21,0,0
19754,544,17,1_1,0x3e8,27,0,0
19754,545,11,1_1,0x165,27,0,1
19754,546,5,1_1,0x165,27,0,0
19754,546,15,0_1,0x62,21,0,0
19754,547,0,1_1,0x190,27,0,0
19754,547,13,1_1,0x190,27,0,1
19754,548,10,1_1,0x190,27,0,0
19754,548,15,0_1,0x42,21,0,0
19754,549,3,1_1,0x165,27,0,1
19754,549,17,1_1,0x3e8,27,0,0
19754,550,11,1_1,0x190,26,0,1
19754,550,15,0_1,0x62,21,0,0
19754,551,5,1_1,0x190,27,0,0
19754,552,1,1_1,0x165,26,0,0
19754,552,15,0_1,0x42,21,0,0
19754,552,15,1_1,0x190,27,0,0
19754,553,10,1_1,0x165,27,0,0
19754,554,3,1_1,0x190,27,0,1
19754,554,15,0_1,0x62,21,0,0
19754,554,17,1_1,0x3c9,27,0,0
19754,555,13,1_1,0x190,27,0,1
19754,556,7,1_1,0x3c9,27,0,0
19754,556,15,0_1,0x62,21,0,0
19754,557,1,1_1,0x165,27,0,1
19754,557,15,1_1,0x165,27,0,0
19754,558,10,1_1,0x165,27,0,0
19754,558,15,0_1,0x42,22,0,0
19754,559,5,1_1,0x165,27,0,0
19754,560,1,1_1,0x190,26,0,0
19754,560,13,1_1,0x190,27,0,1
19754,560,15,0_1,0x62,22,0,0
19754,561,7,1_1,0x3e8,27,0,0
19754,562,1,1_1,0x190,27,0,1
19754,562,15,0_1,0x62,21,0,0
19754,562,17,1_1,0x3c9,27,0,0
19754,563,11,1_1,0x165,27,0,1
19754,564,6,1_1,0x165,27,0,0
19754,564,15,0_1,0x42,21,0,0
19754,565,0,1_1,0x190,27,0,1
19754,565,5,1_1,0x32,27,0,0
19754,565,13,1_1,0x165,27,0,2
19754,566,10,1_1,0x165,27,0,0
19754,566,15,0_1,0x42,21,0,0
19754,567,3,1_1,0x165,27,0,1
19754,567,17,1_1,0x3e8,27,0,0
19754,568,11,1_1,0x190,26,0,1
19754,568,15,0_1,0x42,22,0,0
19754,569,5,1_1,0x165,27,0,0
19754,570,1,1_1,0x165,27,0,0
19754,570,15,0_1,0x30,24,0,0
19754,570,15,1_1,0x190,27,0,0
19754,571,10,1_1,0x190,27,0,0
19754,572,6,1_1,0x190,27,0,0
19754,572,15,0_1,0x2,24,0,0
19754,572,17,1_1,0x3e8,27,0,1
19754,573,13,1_1,0x190,27,0,0
19754,574,7,1_1,0x3e8,27,0,0
19754,574,15,0_1,0x42,23,0,0
19754,575,1,1_1,0x165,27,0,1
19754,575,15,1_1,0x165,27,0,0
19754,576,10,1_1,0x190,27,0,0
19754,576,15,0_1,0x42,23,0,0
19754,577,5,1_1,0x190,27,0,0
19754,578,1,1_1,0x165,27,0,0
19754,578,13,1_1,0x165,27,0,1
19754,578,15,0_1,0x62,22,0,0
19754,579,7,1_1,0x3e8,27,0,0
19754,580,1,1_1,0x190,26,0,1
19754,580,15,0_1,0x62,21,0,0
19754,580,17,1_1,0x3c9,27,0,0
19754,581,11,1_1,0x165,27,0,1
19754,582,5,1_1,0x165,27,0,0
19754,582,15,0_1,0x42,21,0,0
19754,583,0,1_1,0x190,27,0,0
19754,583,13,1_1,0x190,27,0,1
19754,584,10,1_1,0x165,27,0,0
19754,584,15,0_1,0x62,22,0,0
19754,585,3,1_1,0x190,27,0,1
19754,585,17,1_1,0x3c9,27,0,0
19754,586,11,1_1,0x165,26,0,1
19754,586,15,0_1,0x62,20,0,0
19754,587,5,1_1,0x165,27,0,0
19754,588,1,1_1,0x165,26,0,0
19754,588,15,0_1,0x62,21,0,0
19754,588,15,1_1,0x165,27,0,0
19754,589,10,1_1,0x190,27,0,0
19754,590,3,1_1,0x165,27,0,1
19754,590,15,0_1,0x62,21,0,0
19754,590,17,1_1,0x3e8,27,0,0
19754,591,13,1_1,0x190,27,0,1
19754,592,7,1_1,0x3e8,27,0,0
19754,592,15,0_1,0x42,21,0,0
19754,593,1,1_1,0x165,27,0,1
19754,593,15,1_1,0x165,27,0,0
19754,594,10,1_1,0x165,27,0,0
19754,594,15,0_1,0x62,21,0,0
19754,595,5,1_1,0x165,27,0,0
19754,596,1,1_1,0x165,26,0,0
19754,596,13,1_1,0x165,27,0,1
19754,596,15,0_1,0x62,21,0,0
19754,597,7,1_1,0x3c9,27,0,0
19754,598,1,1_1,0x190,27,0,1
19754,598,15,0_1,0x42,23,0,0
19754,598,17,1_1,0x3e8,27,0,0
19754,599,11,1_1,0x190,27,0,1
19754,600,6,1_1,0x190,27,0,0
19754,600,15,0_1,0x62,23,0,0
19754,601,0,1_1,0x190,27,0,1
19754,601,13,1_1,0x190,27,0,0
19754,602,10,1_1,0x190,27,0,0
19754,602,15,0_1,0x42,21,0,0
19754,603,3,1_1,0x190,27,0,1
19754,603,17,1_1,0x3e8,27,0,0
19754,604,11,1_1,0x190,26,0,1
19754,604,15,0_1,0x30,24,0,0
19754,605,5,1_1,0x190,27,0,0
19754,606,1,1_1,0x165,27,0,0
19754,606,15,0_1,0x30,24,0,0
19754,606,15,1_1,0x190,27,0,0
19754,607,10,1_1,0x190,27,0,0
19754,607,11,0_1,0x2,24,1,0
19754,608,6,1_1,0x165,27,0,0
19754,608,15,0_1,0x62,23,0,0
19754,608,17,1_1,0x3c9,27,0,1
19754,609,6,1_1,0x32,27,0,0
19754,609,7,1_1,0x0,26,0,2
19754,610,5,1_1,0x32,27,0,0
19754,610,6,1_1,0x32,31,0,2
19754,610,16,1_1,0x32,27,0,0
19754,611,5,1_1,0x0,31,0,2
19754,611,15,1_1,0x0,27,0,0
19754,611,16,1_1,0x32,31,0,2
19754,612,6,1_1,0x32,27,0,0
19754,612,15,1_1,0x32,31,0,2
19754,613,17,1_1,0x0,17,0,0
19754,614,15,1_1,0x0,30,0,0
19754,615,6,1_1,0x0,30,0,0
19754,615,7,1_1,0x0,17,0,1
19754,616,6,1_1,0x0,30,1,0
19754,616,17,1_1,0x65,11,0,1
19754,617,5,1_1,0x32,30,1,0
19754,617,15,1_1,0x65,30,0,1
19754,618,6,1_1,0x65,30,0,1
19754,618,7,1_1,0x0,10,0,0
19754,619,5,1_1,0x0,29,0,0
19754,619,6,1_1,0x65,30,0,1
269,441,10,1_0,0x30,0,0,39
19755,442,5,1_0,0x450,0,1,0
19755,444,15,0_1,0x62,28,0,0
19755,445,6,1_1,0x0,6,0,0
19755,445,10,1_1,0x64,6,0,1
19755,446,15,0_1,0x62,28,0,0
19755,447,6,1_1,0x33,6,0,0
19755,448,15,0_1,0x42,28,0,0
19755,449,10,1_0,0x5e,0,0,0
19755,450,15,0_0,0x42,0,0,0
19755,451,6,1_1,0x32,27,0,0
19755,451,7,1_1,0x64,26,0,1
19755,451,10,1_1,0x33,27,0,2
19755,452,15,0_1,0x30,26,0,0
19755,453,11,0_1,0x2,26,1,0
19755,454,5,1_1,0x32,27,0,0
19755,455,5,1_1,0x165,27,0,0
19755,456,1,1_1,0x165,26,0,0
19755,456,13,1_1,0x165,27,0,1
19755,456,15,0_1,0x30,27,0,0
19755,457,7,1_1,0x3c9,27,0,0
19755,457,11,0_1,0x2,27,1,0
19755,458,1,1_1,0x190,27,0,1
19755,458,15,0_1,0x30,25,0,0
19755,458,17,1_1,0x3e8,27,0,0
19755,459,11,0_1,0x30,25,1,0
19755,459,11,1_1,0x165,27,0,1
19755,460,6,1_1,0x165,27,0,0
19755,460,15,0_1,0x30,26,0,0
19755,461,0,1_1,0x165,27,0,1
19755,461,11,0_1,0x30,26,1,0
19755,461,13,1_1,0x165,27,0,0
19755,462,10,1_1,0x190,27,0,0
19755,462,15,0_1,0x42,21,0,0
19755,463,3,1_1,0x165,27,0,1
19755,463,17,1_1,0x3e8,27,0,0
19755,464,11,1_1,0x165,26,0,1
19755,464,15,0_1,0x42,23,0,0
19755,465,5,1_1,0x165,27,0,0
19755,466,1,1_1,0x165,27,0,0
19755,466,15,0_1,0x2,25,0,0
19755,466,15,1_1,0x165,27,0,0
19755,467,10,1_1,0x190,27,0,0
19755,467,11,0_1,0x30,25,1,0
19755,468,6,1_1,0x165,27,0,0
19755,468,15,0_1,0x30,24,0,0
19755,468,17,1_1,0x3e8,27,0,1
19755,469,13,1_1,0x190,27,0,0
19755,470,7,1_1,0x3c9,27,0,0
19755,470,15,0_1,0x2,24,0,0
19755,471,1,1_1,0x165,27,0,1
19755,471,15,1_1,0x190,27,0,0
19755,472,10,1_1,0x190,27,0,0
19755,472,15,0_1,0x2,26,0,0
19755,473,5,1_1,0x165,27,0,0
19755,474,1,1_1,0x190,27,0,0
19755,474,13,1_1,0x190,27,0,1
19755,474,15,0_1,0x2,25,0,0
19755,475,7,1_1,0x3c9,27,0,0
19755,476,1,1_1,0x165,26,0,1
19755,476,15,0_1,0x30,25,0,0
19755,476,17,1_1,0x3c9,27,0,0
19755,477,11,1_1,0x190,27,0,1
19755,478,5,1_1,0x190,27,0,0
19755,478,15,0_1,0x30,25,0,0
19755,479,0,1_1,0x165,27,0,0
19755,479,13,1_1,0x190,27,0,1
19755,480,10,1_1,0x190,27,0,0
19755,480,15,0_1,0x30,25,0,0
19755,481,3,1_1,0x190,27,0,1
19755,481,17,1_1,0x3e8,27,0,0
19755,482,11,1_1,0x190,26,0,1
19755,482,15,0_1,0x2,26,0,0
19755,483,5,1_1,0x165,27,0,0
19755,484,1,1_1,0x190,26,0,0
19755,484,15,0_1,0x2,26,0,0
19755,484,15,1_1,0x165,27,0,0
19755,485,10,1_1,0x190,27,0,0
19755,486,3,1_1,0x165,27,0,1
19755,486,15,0_1,0x2,25,0,0
19755,486,17,1_1,0x3c9,27,0,0
19755,487,13,1_1,0x190,27,0,1
19755,488,7,1_1,0x3c9,27,0,0
19755,488,15,0_1,0x2,24,0,0
19755,489,1,1_1,0x165,27,0,1
19755,489,15,1_1,0x190,27,0,0
19755,490,10,1_1,0x190,27,0,0
19755,490,15,0_1,0x2,26,0,0
19755,491,5,1_1,0x165,27,0,0
19755,492,1,1_1,0x165,26,0,0
19755,492,13,1_1,0x190,27,0,1
19755,492,15,0_1,0x30,25,0,0
19755,493,7,1_1,0x3e8,27,0,0
19755,493,11,0_1,0x30,25,1,0
19755,494,1,1_1,0x165,27,0,1
19755,494,15,0_1,0x2,25,0,0
19755,494,17,1_1,0x3e8,27,0,0
19755,495,7,1_1,0x0,26,0,1
19755,495,11,1_1,0x165,27,0,2
19755,496,6,1_1,0x190,27,0,0
19755,496,15,0_1,0x30,26,0,0
19755,497,0,1_1,0x165,27,0,1
19755,497,11,0_1,0x30,26,1,0
19755,497,13,1_1,0x165,27,0,0
19755,498,10,1_1,0x165,27,0,0
19755,498,15,0_1,0x2,25,0,0
19755,499,3,1_1,0x165,27,0,1
19755,499,11,0_1,0x2,25,1,0
19755,499,17,1_1,0x3e8,27,0,0
19755,500,11,1_1,0x165,26,0,1
19755,500,15,0_1,0x30,25,0,0
19755,501,5,1_1,0x190,27,0,0
19755,502,1,1_1,0x165,27,0,0
19755,502,15,0_1,0x30,25,0,0
19755,502,15,1_1,0x190,27,0,0
19755,503,10,1_1,0x165,27,0,0
19755,503,11,0_1,0x30,25,1,0
19755,504,6,1_1,0x165,27,0,0
19755,504,15,0_1,0x2,24,0,0
19755,504,17,1_1,0x3e8,27,0,1
19755,505,13,1_1,0x165,27,0,0
19755,506,7,1_1,0x3e8,27,0,0
19755,506,15,0_1,0x2,25,0,0
19755,507,1,1_1,0x165,27,0,1
19755,507,15,1_1,0x190,27,0,0
19755,508,10,1_1,0x190,27,0,0
19755,508,15,0_1,0x2,26,0,0
19755,509,5,1_1,0x190,27,0,0
19755,510,1,1_1,0x190,27,0,0
19755,510,13,1_1,0x190,27,0,1
19755,510,15,0_1,0x30,26,0,0
19755,511,7,1_1,0x3e8,27,0,0
19755,511,11,0_1,0x30,26,1,0
19755,512,1,1_1,0x165,26,0,1
19755,512,15,0_1,0x42,23,0,0
19755,512,17,1_1,0x3c9,27,0,0
19755,513,11,1_1,0x190,27,0,1
19755,514,5,1_1,0x165,27,0,0
19755,514,15,0_1,0x2,24,0,0
19755,515,0,1_1,0x190,27,0,0
19755,515,13,1_1,0x165,27,0,1
19755,516,10,1_1,0x190,27,0,0
19755,516,15,0_1,0x62,23,0,0
19755,517,3,1_1,0x190,27,0,1
19755,517,17,1_1,0x3c9,27,0,0
19755,518,11,1_1,0x165,26,0,1
19755,518,15,0_1,0x42,22,0,0
19755,519,5,1_1,0x190,27,0,0
19755,520,1,1_1,0x165,26,0,0
19755,520,15,0_1,0x30,24,0,0
19755,520,15,1_1,0x190,27,0,0
19755,521,10,1_1,0x165,27,0,0
19755,522,3,1_1,0x165,27,0,1
19755,522,15,0_1,0x30,24,0,0
19755,522,17,1_1,0x3e8,27,0,0
19755,523,13,1_1,0x165,27,0,1
19755,524,7,1_1,0x3e8,27,0,0
19755,524,15,0_1,0x42,23,0,0
19755,525,1,1_1,0x165,27,0,1
19755,525,15,1_1,0x165,27,0,0
19755,526,10,1_1,0x190,27,0,0
19755,526,15,0_1,0x30,24,0,0
19755,527,5,1_1,0x190,27,0,0
19755,528,1,1_1,0x165,26,0,0
19755,528,13,1_1,0x190,27,0,1
19755,528,15,0_1,0x42,22,0,0
19755,529,7,1_1,0x3c9,27,0,0
19755,530,1,1_1,0x165,27,0,1
19755,530,15,0_1,0x62,22,0,0
19755,530,17,1_1,0x3c9,27,0,0
19755,531,11,1_1,0x190,27,0,1
19755,532,6,1_1,0x165,27,0,0
19755,532,15,0_1,0x62,22,0,0
19755,533,0,1_1,0x165,27,0,1
19755,533,13,1_1,0x190,27,0,0
19755,534,10,1_1,0x165,27,0,0
19755,534,15,0_1,0x62,21,0,0
19755,535,3,1_1,0x165,27,0,1
19755,535,17,1_1,0x3e8,27,0,0
19755,536,11,1_1,0x165,26,0,1
19755,536,15,0_1,0x42,22,0,0
19755,537,5,1_1,0x190,27,0,0
19755,538,1,1_1,0x165,27,0,0
19755,538,15,0_1,0x2,25,0,0
19755,538,15,1_1,0x165,27,0,0
19755,539,10,1_1,0x190,27,0,0
19755,540,6,1_1,0x190,27,0,0
19755,540,15,0_1,0x30,24,0,0
19755,540,17,1_1,0x3e8,27,0,1
19755,541,13,1_1,0x165,27,0,0
19755,542,7,1_1,0x3e8,27,0,0
19755,542,15,0_1,0x2,24,0,0
19755,543,1,1_1,0x190,27,0,1
19755,543,15,1_1,0x190,27,0,0
19755,544,10,1_1,0x165,27,0,0
19755,544,15,0_1,0x2,24,0,0
19755,545,5,1_1,0x165,27,0,0
19755,545,10,1_1,0x0,27,0,1
19755,546,1,1_1,0x190,27,0,0
19755,546,13,1_1,0x165,27,0,1
19755,546,15,0_1,0x30,24,0,0
19755,547,7,1_1,0x3e8,27,0,0
19755,548,1,1_1,0x165,26,0,1
19755,548,15,0_1,0x42,22,0,0
19755,548,17,1_1,0x3c9,27,0,0
19755,549,11,1_1,0x165,27,0,1
19755,550,5,1_1,0x165,27,0,0
19755,550,15,0_1,0x30,24,0,0
19755,551,0,1_1,0x165,27,0,0
19755,551,11,0_1,0x2,24,1,0
19755,551,13,1_1,0x190,27,0,1
19755,552,10,1_1,0x190,27,0,0
19755,552,15,0_1,0x30,24,0,0
19755,553,3,1_1,0x165,27,0,1
19755,553,17,1_1,0x3c9,27,0,0
19755,554,11,1_1,0x190,26,0,1
19755,554,15,0_1,0x30,25,0,0
19755,555,5,1_1,0x165,27,0,0
19755,555,11,0_1,0x30,25,1,0
19755,556,1,1_1,0x165,26,0,0
19755,556,15,0_1,0x2,24,0,0
19755,556,15,1_1,0x165,27,0,0
19755,557,10,1_1,0x165,27,0,0
19755,558,3,1_1,0x165,27,0,1
19755,558,15,0_1,0x42,23,0,0
19755,558,17,1_1,0x3e8,27,0,0
19755,559,13,1_1,0x190,27,0,1
19755,560,7,1_1,0x3e8,27,0,0
19755,560,15,0_1,0x2,24,0,0
19755,561,1,1_1,0x190,27,0,1
19755,561,15,1_1,0x165,27,0,0
19755,562,10,1_1,0x190,27,0,0
19755,562,15,0_1,0x2,25,0,0
19755,563,5,1_1,0x165,27,0,0
19755,564,1,1_1,0x190,26,0,0
19755,564,13,1_1,0x165,27,0,1
19755,564,15,0_1,0x2,24,0,0
19755,565,7,1_1,0x3c9,27,0,0
19755,566,1,1_1,0x190,27,0,1
19755,566,15,0_1,0x2,24,0,0
19755,566,17,1_1,0x3e8,27,0,0
19755,567,11,1_1,0x165,27,0,1
19755,568,6,1_1,0x190,27,0,0
19755,568,15,0_1,0x62,23,0,0
19755,569,0,1_1,0x165,27,0,1
19755,569,13,1_1,0x190,27,0,0
19755,570,10,1_1,0x190,27,0,0
19755,570,15,0_1,0x42,21,0,0
19755,571,3,1_1,0x165,27,0,1
19755,571,17,1_1,0x3c9,27,0,0
19755,572,11,1_1,0x190,26,0,1
19755,572,15,0_1,0x2,24,0,0
19755,573,5,1_1,0x190,27,0,0
19755,574,1,1_1,0x165,27,0,0
19755,574,15,0_1,0x2,24,0,0
19755,574,15,1_1,0x190,27,0,0
19755,575,10,1_1,0x190,27,0,0
19755,576,6,1_1,0x165,27,0,0
19755,576,15,0_1,0x30,24,0,0
19755,576,17,1_1,0x3c9,27,0,1
19755,577,13,1_1,0x190,27,0,0
19755,578,7,1_1,0x3c9,27,0,0
19755,578,15,0_1,0x2,24,0,0
19755,579,1,1_1,0x165,27,0,1
19755,579,15,1_1,0x165,27,0,0
19755,580,10,1_1,0x190,27,0,0
19755,580,15,0_1,0x30,24,0,0
19755,581,5,1_1,0x190,27,0,0
19755,582,1,1_1,0x165,27,0,0
19755,582,13,1_1,0x165,27,0,1
19755,582,15,0_1,0x2,24,0,0
19755,583,7,1_1,0x3e8,27,0,0
19755,584,1,1_1,0x165,26,0,1
19755,584,15,0_1,0x2,25,0,0
19755,584,17,1_1,0x3e8,27,0,0
19755,585,11,0_1,0x30,25,1,0
19755,585,11,1_1,0x165,27,0,1
19755,586,15,0_1,0x30,24,0,0
19755,587,0,1_1,0x165,27,0,0
19755,587,13,1_1,0x190,27,0,1
19755,588,10,1_1,0x190,27,0,0
19755,588,15,0_1,0x62,21,0,0
19755,589,3,1_1,0x190,27,0,1
19755,589,17,1_1,0x3c9,27,0,0
19755,590,11,1_1,0x190,26,0,1
19755,590,15,0_1,0x62,21,0,0
19755,591,5,1_1,0x190,27,0,0
19755,592,1,1_1,0x190,26,0,0
19755,592,15,0_1,0x62,21,0,0
19755,592,15,1_1,0x165,27,0,0
19755,593,10,1_1,0x190,27,0,0
19755,594,3,1_1,0x190,27,0,1
19755,594,15,0_1,0x62,21,0,0
19755,594,17,1_1,0x3e8,27,0,0
19755,595,11,1_1,0x32,27,0,1
19755,595,13,1_1,0x190,27,0,2
19755,596,7,1_1,0x3c9,27,0,0
19755,596,15,0_1,0x30,24,0,0
19755,597,1,1_1,0x190,27,0,1
19755,597,15,1_1,0x165,27,0,0
19755,598,10,1_1,0x190,27,0,0
19755,598,15,0_1,0x42,21,0,0
19755,599,5,1_1,0x165,27,0,0
19755,600,1,1_1,0x190,26,0,0
19755,600,13,1_1,0x190,27,0,1
19755,600,15,0_1,0x2,24,0,0
19755,601,7,1_1,0x3e8,27,0,0
19755,602,1,1_1,0x165,27,0,1
19755,602,15,0_1,0x30,25,0,0
19755,602,17,1_1,0x3c9,27,0,0
19755,603,11,0_1,0x30,25,1,0
19755,603,11,1_1,0x190,27,0,1
19755,604,6,1_1,0x165,27,0,0
19755,604,15,0_1,0x30,24,0,0
19755,605,0,1_1,0x190,27,0,1
19755,605,13,1_1,0x165,27,0,0
19755,606,10,1_1,0x190,27,0,0
19755,606,15,0_1,0x2,25,0,0
19755,607,3,1_1,0x190,27,0,1
19755,607,17,1_1,0x3c9,27,0,0
19755,608,11,1_1,0x165,26,0,1
19755,608,15,0_1,0x2,25,0,0
19755,609,5,1_1,0x190,27,0,0
19755,609,11,0_1,0x30,25,1,0
19755,610,1,1_1,0x165,27,0,0
19755,610,15,0_1,0x30,24,0,0
19755,610,15,1_1,0x165,27,0,0
19755,611,10,1_1,0x190,27,0,0
19755,612,6,1_1,0x190,27,0,0
19755,612,15,0_1,0x42,22,0,0
19755,612,17,1_1,0x3e8,27,0,1
19755,613,13,1_1,0x165,27,0,0
19755,614,7,1_1,0x3e8,27,0,0
19755,614,15,0_1,0x62,23,0,0
19755,615,1,1_1,0x165,27,0,1
19755,615,15,1_1,0x165,27,0,0
19755,616,10,1_1,0x190,27,0,0
19755,616,15,0_1,0x62,23,0,0
19755,617,5,1_1,0x190,27,0,0
19755,618,1,1_1,0x165,27,0,0
19755,618,13,1_1,0x190,27,0,1
19755,618,15,0_1,0x42,23,0,0
19755,619,7,1_1,0x3e8,27,0,0
19755,620,1,1_1,0x190,26,0,1
19755,620,15,0_1,0x30,24,0,0
19755,620,17,1_1,0x3e8,27,0,0
19755,621,11,1_1,0x190,27,0,1
19755,622,5,1_1,0x190,27,0,0
19755,622,15,0_1,0x2,25,0,0
19755,623,0,1_1,0x165,27,0,0
19755,623,11,0_1,0x2,25,1,0
19755,623,13,1_1,0x165,27,0,1
19755,624,10,1_1,0x190,27,0,0
19755,624,15,0_1,0x42,23,0,0
19755,625,3,1_1,0x165,27,0,1
19755,625,17,1_1,0x3c9,27,0,0
19755,626,11,1_1,0x165,26,0,1
19755,626,15,0_1,0x62,23,0,0
19755,627,5,1_1,0x190,27,0,0
19755,628,1,1_1,0x165,26,0,0
19755,628,15,0_1,0x42,23,0,0
19755,628,15,1_1,0x190,27,0,0
19755,629,10,1_1,0x165,27,0,0
19755,630,3,1_1,0x165,27,0,1
19755,630,15,0_1,0x42,23,0,0
19755,630,17,1_1,0x3e8,27,0,0
19755,631,13,1_1,0x165,27,0,1
19755,632,7,1_1,0x3e8,27,0,0
19755,632,15,0_1,0x30,24,0,0
19755,633,1,1_1,0x190,27,0,1
19755,633,15,1_1,0x190,27,0,0
19755,634,10,1_1,0x190,27,0,0
19755,634,15,0_1,0x30,25,0,0
19755,635,5,1_1,0x190,27,0,0
19755,635,11,0_1,0x2,25,1,0
19755,636,1,1_1,0x190,26,0,0
19755,636,13,1_1,0x190,27,0,1
19755,636,15,0_1,0x42,22,0,0
19755,637,7,1_1,0x3c9,27,0,0
19755,638,1,1_1,0x165,27,0,1
19755,638,15,0_1,0x62,22,0,0
19755,638,17,1_1,0x3e8,27,0,0
19755,639,11,1_1,0x165,27,0,1
19755,640,6,1_1,0x165,27,0,0
19755,640,15,0_1,0x42,23,0,0
19755,641,0,1_1,0x190,27,0,1
19755,641,13,1_1,0x165,27,0,0
19755,642,10,1_1,0x190,27,0,0
19755,642,15,0_1,0x2,24,0,0
19755,643,3,1_1,0x165,27,0,1
19755,643,17,1_1,0x3c9,27,0,0
19755,644,11,1_1,0x165,26,0,1
19755,644,15,0_1,0x2,25,0,0
19755,645,5,1_1,0x190,27,0,0
19755,645,13,1_1,0x32,27,0,1
19755,646,1,1_1,0x165,27,0,0
19755,646,15,0_1,0x30,24,0,0
19755,646,15,1_1,0x165,27,0,0
19755,647,10,1_1,0x190,27,0,0
19755,648,6,1_1,0x190,27,0,0
19755,648,15,0_1,0x42,22,0,0
19755,648,17,1_1,0x3e8,27,0,1
19755,649,13,1_1,0x190,27,0,0
19755,650,7,1_1,0x3c9,27,0,0
19755,650,15,0_1,0x2,24,0,0
19755,651,1,1_1,0x190,27,0,1
19755,651,15,1_1,0x165,27,0,0
19755,652,10,1_1,0x190,27,0,0
19755,652,15,0_1,0x2,24,0,0
19755,653,5,1_1,0x190,27,0,0
19755,654,1,1_1,0x165,27,0,0
19755,654,13,1_1,0x190,27,0,1
19755,654,15,0_1,0x2,25,0,0
19755,655,7,1_1,0x3e8,27,0,0
19755,656,1,1_1,0x165,26,0,1
19755,656,15,0_1,0x2,24,0,0
19755,656,17,1_1,0x3e8,27,0,0
19755,657,11,1_1,0x190,27,0,1
19755,658,5,1_1,0x165,27,0,0
19755,658,15,0_1,0x42,23,0,0
19755,659,0,1_1,0x190,27,0,0
19755,659,13,1_1,0x165,27,0,1
19755,660,10,1_1,0x190,27,0,0
19755,660,15,0_1,0x62,22,0,0
19755,661,3,1_1,0x165,27,0,1
19755,661,17,1_1,0x3e8,27,0,0
19755,662,11,1_1,0x165,26,0,1
19755,662,15,0_1,0x42,22,0,0
19755,663,5,1_1,0x165,27,0,0
19755,664,1,1_1,0x165,26,0,0
19755,664,15,0_1,0x42,23,0,0
19755,664,15,1_1,0x190,27,0,0
19755,665,10,1_1,0x165,27,0,0
19755,666,3,1_1,0x165,27,0,1
19755,666,15,0_1,0x62,21,0,0
19755,666,17,1_1,0x3e8,27,0,0
19755,667,13,1_1,0x190,27,0,1
19755,668,7,1_1,0x3e8,27,0,0
19755,668,15,0_1,0x62,21,0,0
19755,669,1,1_1,0x165,27,0,1
19755,669,15,1_1,0x190,27,0,0
19755,670,10,1_1,0x165,27,0,0
19755,670,15,0_1,0x42,21,0,0
19755,671,5,1_1,0x165,27,0,0
19755,672,1,1_1,0x165,26,0,0
19755,672,13,1_1,0x190,27,0,1
19755,672,15,0_1,0x2,24,0,0
19755,673,7,1_1,0x3c9,27,0,0
19755,674,1,1_1,0x165,27,0,1
19755,674,15,0_1,0x62,22,0,0
19755,674,17,1_1,0x3c9,27,0,0
19755,675,11,1_1,0x190,27,0,1
19755,676,6,1_1,0x165,27,0,0
19755,676,15,0_1,0x62,21,0,0
19755,677,0,1_1,0x190,27,0,1
19755,677,13,1_1,0x165,27,0,0
19755,678,10,1_1,0x190,27,0,0
19755,678,15,0_1,0x62,23,0,0
19755,679,3,1_1,0x165,27,0,1
19755,679,17,1_1,0x3c9,27,0,0
19755,680,11,1_1,0x190,26,0,1
19755,680,15,0_1,0x62,21,0,0
19755,681,5,1_1,0x165,27,0,0
19755,682,1,1_1,0x165,27,0,0
19755,682,15,0_1,0x62,21,0,0
19755,682,15,1_1,0x190,27,0,0
19755,683,10,1_1,0x190,27,0,0
19755,684,6,1_1,0x190,27,0,0
19755,684,15,0_1,0x42,21,0,0
19755,684,17,1_1,0x3c9,27,0,1
19755,685,13,1_1,0x190,27,0,0
19755,686,7,1_1,0x3e8,27,0,0
19755,686,15,0_1,0x62,21,0,0
19755,687,1,1_1,0x165,27,0,1
19755,687,15,1_1,0x190,27,0,0
19755,688,10,1_1,0x165,27,0,0
19755,688,15,0_1,0x62,21,0,0
19755,689,5,1_1,0x190,27,0,0
19755,690,1,1_1,0x165,27,0,0
19755,690,13,1_1,0x165,27,0,1
19755,690,15,0_1,0x42,22,0,0
19755,691,7,1_1,0x3e8,27,0,0
19755,692,1,1_1,0x190,26,0,1
19755,692,15,0_1,0x30,24,0,0
19755,692,17,1_1,0x3e8,27,0,0
19755,693,11,1_1,0x190,27,0,1
19755,694,5,1_1,0x165,27,0,0
19755,694,15,0_1,0x30,25,0,0
19755,695,0,1_1,0x165,27,0,0
19755,695,11,0_1,0x30,25,1,0
19755,695,13,1_1,0x190,27,0,1
19755,695,15,1_1,0x0,27,0,0
19755,696,10,1_1,0x165,27,0,0
19755,696,15,0_1,0x62,23,0,0
19755,697,3,1_1,0x165,27,0,1
19755,697,17,1_1,0x3c9,27,0,0
19755,698,11,1_1,0x165,26,0,1
19755,698,15,0_1,0x42,21,0,0
19755,699,5,1_1,0x190,27,0,0
19755,700,1,1_1,0x190,26,0,0
19755,700,15,0_1,0x42,23,0,0
19755,700,15,1_1,0x190,27,0,0
19755,701,10,1_1,0x190,27,0,0
19755,702,3,1_1,0x190,27,0,1
19755,702,15,0_1,0x42,23,0,0
19755,702,17,1_1,0x3e8,27,0,0
19755,703,13,1_1,0x165,27,0,1
19755,704,7,1_1,0x3c9,27,0,0
19755,704,15,0_1,0x62,21,0,0
19755,705,1,1_1,0x165,27,0,1
19755,705,15,1_1,0x165,27,0,0
19755,706,10,1_1,0x165,27,0,0
19755,706,15,0_1,0x62,21,0,0
19755,707,5,1_1,0x190,27,0,0
19755,708,1,1_1,0x165,26,0,0
19755,708,13,1_1,0x190,27,0,1
19755,708,15,0_1,0x42,21,0,0
19755,709,7,1_1,0x3e8,27,0,0
19755,710,1,1_1,0x190,27,0,1
19755,710,15,0_1,0x62,23,0,0
19755,710,17,1_1,0x3e8,27,0,0
19755,711,11,1_1,0x165,27,0,1
19755,712,6,1_1,0x190,27,0,0
19755,712,15,0_1,0x30,24,0,0
19755,713,0,1_1,0x190,27,0,1
19755,713,13,1_1,0x165,27,0,0
19755,714,10,1_1,0x190,27,0,0
19755,714,15,0_1,0x2,24,0,0
19755,715,3,1_1,0x190,27,0,1
19755,715,17,1_1,0x3e8,27,0,0
19755,716,11,1_1,0x190,26,0,1
19755,716,15,0_1,0x2,25,0,0
19755,717,5,1_1,0x165,27,0,0
19755,717,11,0_1,0x30,25,1,0
19755,718,1,1_1,0x190,27,0,0
19755,718,15,0_1,0x2,24,0,0
19755,718,15,1_1,0x190,27,0,0
19755,719,10,1_1,0x165,27,0,0
19755,720,6,1_1,0x190,27,0,0
19755,720,15,0_1,0x62,23,0,0
19755,720,17,1_1,0x3c9,27,0,1
19755,721,13,1_1,0x165,27,0,0
19755,722,7,1_1,0x3e8,27,0,0
19755,722,15,0_1,0x42,23,0,0
19755,723,1,1_1,0x190,27,0,1
19755,723,15,1_1,0x165,27,0,0
19755,724,10,1_1,0x190,27,0,0
19755,724,15,0_1,0x62,23,0,0
19755,725,5,1_1,0x190,27,0,0
19755,726,1,1_1,0x165,27,0,0
19755,726,13,1_1,0x190,27,0,1
19755,726,15,0_1,0x62,22,0,0
19755,727,7,1_1,0x3e8,27,0,0
19755,728,1,1_1,0x165,26,0,1
19755,728,15,0_1,0x30,24,0,0
19755,728,17,1_1,0x3e8,27,0,0
19755,729,11,1_1,0x190,27,0,1
19755,730,5,1_1,0x190,27,0,0
19755,730,15,0_1,0x62,22,0,0
19755,731,0,1_1,0x190,27,0,0
19755,731,13,1_1,0x190,27,0,1
19755,732,10,1_1,0x165,27,0,0
19755,732,15,0_1,0x62,23,0,0
19755,733,3,1_1,0x190,27,0,1
19755,733,17,1_1,0x3c9,27,0,0
19755,734,11,1_1,0x190,26,0,1
19755,734,15,0_1,0x62,21,0,0
19755,735,5,1_1,0x165,27,0,0
19755,736,1,1_1,0x165,26,0,0
19755,736,15,0_1,0x62,22,0,0
19755,736,15,1_1,0x190,27,0,0
19755,737,10,1_1,0x165,27,0,0
19755,738,3,1_1,0x165,27,0,1
19755,738,15,0_1,0x62,22,0,0
19755,738,17,1_1,0x3e8,27,0,0
19755,739,13,1_1,0x190,27,0,1
19755,740,7,1_1,0x3c9,27,0,0
19755,740,15,0_1,0x42,21,0,0
19755,741,1,1_1,0x165,27,0,1
19755,741,15,1_1,0x165,27,0,0
19755,742,10,1_1,0x165,27,0,0
19755,742,15,0_1,0x42,21,0,0
19755,743,5,1_1,0x165,27,0,0
19755,744,1,1_1,0x190,26,0,0
19755,744,13,1_1,0x165,27,0,1
19755,744,15,0_1,0x62,23,0,0
19755,745,7,1_1,0x3e8,27,0,0
19755,745,17,1_1,0x0,26,0,1
19755,746,1,1_1,0x190,27,0,2
19755,746,15,0_1,0x2,24,0,0
19755,746,17,1_1,0x3e8,27,0,0
19755,747,11,1_1,0x165,27,0,1
19755,748,6,1_1,0x190,27,0,0
19755,748,15,0_1,0x42,21,0,0
19755,749,0,1_1,0x165,27,0,1
19755,749,13,1_1,0x165,27,0,0
19755,750,10,1_1,0x190,27,0,0
19755,750,15,0_1,0x62,23,0,0
19755,751,3,1_1,0x190,27,0,1
19755,751,17,1_1,0x3c9,27,0,0
19755,752,11,1_1,0x190,26,0,1
19755,752,15,0_1,0x42,21,0,0
19755,753,5,1_1,0x190,27,0,0
19755,754,1,1_1,0x165,27,0,0
19755,754,15,0_1,0x42,23,0,0
19755,754,15,1_1,0x190,27,0,0
19755,755,10,1_1,0x165,27,0,0
19755,756,6,1_1,0x190,27,0,0
19755,756,15,0_1,0x2,24,0,0
19755,756,17,1_1,0x3e8,27,0,1
19755,757,13,1_1,0x190,27,0,0
19755,758,7,1_1,0x3c9,27,0,0
19755,758,15,0_1,0x30,24,0,0
19755,759,1,1_1,0x190,27,0,1
19755,759,15,1_1,0x165,27,0,0
19755,760,10,1_1,0x165,27,0,0
19755,760,15,0_1,0x42,21,0,0
19755,761,5,1_1,0x165,27,0,0
19755,762,1,1_1,0x165,27,0,0
19755,762,13,1_1,0x165,27,0,1
19755,762,15,0_1,0x62,22,0,0
19755,763,7,1_1,0x3e8,27,0,0
19755,764,1,1_1,0x165,26,0,1
19755,764,15,0_1,0x42,21,0,0
19755,764,17,1_1,0x3e8,27,0,0
19755,765,11,1_1,0x190,27,0,1
19755,766,5,1_1,0x190,27,0,0
19755,766,15,0_1,0x62,21,0,0
19755,767,0,1_1,0x190,27,0,0
19755,767,13,1_1,0x190,27,0,1
19755,768,10,1_1,0x190,27,0,0
19755,768,15,0_1,0x62,21,0,0
19755,769,3,1_1,0x165,27,0,1
19755,769,17,1_1,0x3e8,27,0,0
19755,770,11,1_1,0x165,26,0,1
19755,770,15,0_1,0x62,23,0,0
19755,771,5,1_1,0x165,27,0,0
19755,772,1,1_1,0x165,26,0,0
19755,772,15,0_1,0x42,21,0,0
19755,772,15,1_1,0x190,27,0,0
19755,773,10,1_1,0x165,27,0,0
19755,774,3,1_1,0x190,27,0,1
19755,774,15,0_1,0x42,22,0,0
19755,774,17,1_1,0x3e8,27,0,0
19755,775,13,1_1,0x190,27,0,1
19755,776,7,1_1,0x3c9,27,0,0
19755,776,15,0_1,0x2,24,0,0
19755,777,1,1_1,0x190,27,0,1
19755,777,15,1_1,0x165,27,0,0
19755,778,10,1_1,0x165,27,0,0
19755,778,15,0_1,0x2,25,0,0
19755,779,5,1_1,0x190,27,0,0
19755,779,11,0_1,0x2,25,1,0
19755,780,1,1_1,0x190,26,0,0
19755,780,13,1_1,0x165,27,0,1
19755,780,15,0_1,0x2,25,0,0
19755,781,7,1_1,0x3c9,27,0,0
19755,781,11,0_1,0x30,25,1,0
19755,782,1,1_1,0x190,27,0,1
19755,782,15,0_1,0x62,22,0,0
19755,782,17,1_1,0x3e8,27,0,0
19755,783,11,1_1,0x190,27,0,1
19755,784,6,1_1,0x165,27,0,0
19755,784,15,0_1,0x62,22,0,0
19755,785,0,1_1,0x190,27,0,1
19755,785,13,1_1,0x165,27,0,0
19755,786,10,1_1,0x190,27,0,0
19755,786,15,0_1,0x62,22,0,0
19755,787,3,1_1,0x190,27,0,1
19755,787,17,1_1,0x3c9,27,0,0
19755,788,11,1_1,0x190,26,0,1
19755,788,15,0_1,0x42,21,0,0
19755,789,5,1_1,0x165,27,0,0
19755,790,1,1_1,0x190,27,0,0
19755,790,15,0_1,0x62,21,0,0
19755,790,15,1_1,0x165,27,0,0
19755,791,10,1_1,0x190,27,0,0
19755,792,6,1_1,0x190,27,0,0
19755,792,15,0_1,0x42,21,0,0
19755,792,17,1_1,0x3e8,27,0,1
19755,793,13,1_1,0x165,27,0,0
19755,794,7,1_1,0x3c9,27,0,0
19755,794,15,0_1,0x42,23,0,0
19755,795,1,1_1,0x190,27,0,1
19755,795,15,1_1,0x165,27,0,0
19755,796,1,1_1,0x32,26,0,1
19755,796,10,1_1,0x165,27,0,0
19755,796,15,0_1,0x30,24,0,0
19755,797,5,1_1,0x165,27,0,0
19755,798,1,1_1,0x190,27,0,0
19755,798,13,1_1,0x165,27,0,1
19755,798,15,0_1,0x2,24,0,0
19755,799,7,1_1,0x3c9,27,0,0
19755,800,1,1_1,0x165,26,0,1
19755,800,15,0_1,0x2,25,0,0
19755,800,17,1_1,0x3c9,27,0,0
19755,801,11,1_1,0x165,27,0,1
19755,802,5,1_1,0x190,27,0,0
19755,802,15,0_1,0x62,23,0,0
19755,803,0,1_1,0x190,27,0,0
19755,803,13,1_1,0x165,27,0,1
19755,804,10,1_1,0x165,27,0,0
19755,804,15,0_1,0x62,21,0,0
19755,805,3,1_1,0x190,27,0,1
19755,805,17,1_1,0x3e8,27,0,0
19755,806,11,1_1,0x165,26,0,1
19755,806,15,0_1,0x62,21,0,0
19755,807,5,1_1,0x190,27,0,0
19755,808,1,1_1,0x190,26,0,0
19755,808,15,0_1,0x62,21,0,0
19755,808,15,1_1,0x165,27,0,0
19755,809,10,1_1,0x190,27,0,0
19755,810,3,1_1,0x165,27,0,1
19755,810,15,0_1,0x42,21,0,0
19755,810,17,1_1,0x3c9,27,0,0
19755,811,13,1_1,0x165,27,0,1
19755,812,7,1_1,0x3e8,27,0,0
19755,812,15,0_1,0x42,22,0,0
19755,813,1,1_1,0x190,27,0,1
19755,813,15,1_1,0x165,27,0,0
19755,814,10,1_1,0x165,27,0,0
19755,814,15,0_1,0x30,24,0,0
19755,815,5,1_1,0x165,27,0,0
19755,816,1,1_1,0x190,26,0,0
19755,816,13,1_1,0x165,27,0,1
19755,816,15,0_1,0x62,23,0,0
19755,817,7,1_1,0x3e8,27,0,0
19755,818,1,1_1,0x190,27,0,1
19755,818,15,0_1,0x62,21,0,0
19755,818,17,1_1,0x3c9,27,0,0
19755,819,11,1_1,0x190,27,0,1
19755,820,6,1_1,0x165,27,0,0
19755,820,15,0_1,0x42,21,0,0
19755,821,0,1_1,0x165,27,0,1
19755,821,13,1_1,0x165,27,0,0
19755,822,10,1_1,0x165,27,0,0
19755,822,15,0_1,0x42,21,0,0
19755,823,3,1_1,0x165,27,0,1
19755,823,17,1_1,0x3c9,27,0,0
19755,824,11,1_1,0x190,26,0,1
19755,824,15,0_1,0x2,24,0,0
19755,825,5,1_1,0x190,27,0,0
19755,826,1,1_1,0x165,27,0,0
19755,826,15,0_1,0x30,25,0,0
19755,826,15,1_1,0x165,27,0,0
19755,827,10,1_1,0x190,27,0,0
19755,827,11,0_1,0x2,25,1,0
19755,828,6,1_1,0x190,27,0,0
19755,828,15,0_1,0x30,24,0,0
19755,828,17,1_1,0x3c9,27,0,1
19755,829,13,1_1,0x190,27,0,0
19755,830,7,1_1,0x3e8,27,0,0
19755,830,15,0_1,0x62,22,0,0
19755,831,1,1_1,0x190,27,0,1
19755,831,15,1_1,0x165,27,0,0
19755,832,10,1_1,0x190,27,0,0
19755,832,15,0_1,0x62,21,0,0
19755,833,5,1_1,0x165,27,0,0
19755,834,1,1_1,0x165,27,0,0
19755,834,13,1_1,0x190,27,0,1
19755,834,15,0_1,0x42,21,0,0
19755,835,7,1_1,0x3e8,27,0,0
19755,836,1,1_1,0x190,26,0,1
19755,836,15,0_1,0x2,24,0,0
19755,836,17,1_1,0x3e8,27,0,0
19755,837,11,1_1,0x165,27,0,1
19755,838,5,1_1,0x165,27,0,0
19755,838,15,0_1,0x62,23,0,0
19755,839,0,1_1,0x190,27,0,0
19755,839,13,1_1,0x190,27,0,1
19755,840,10,1_1,0x165,27,0,0
19755,840,15,0_1,0x42,22,0,0
19755,841,3,1_1,0x165,27,0,1
19755,841,17,1_1,0x3e8,27,0,0
19755,842,11,1_1,0x165,26,0,1
19755,842,15,0_1,0x62,23,0,0
19755,843,5,1_1,0x165,27,0,0
19755,844,1,1_1,0x190,26,0,0
19755,844,15,0_1,0x42,22,0,0
19755,844,15,1_1,0x165,27,0,0
19755,845,10,1_1,0x190,27,0,0
19755,846,3,1_1,0x190,27,0,1
19755,846,15,0_1,0x30,24,0,0
19755,846,17,1_1,0x3c9,27,0,0
19755,847,13,1_1,0x190,27,0,1
19755,848,7,1_1,0x3e8,27,0,0
19755,848,15,0_1,0x42,21,0,0
19755,849,1,1_1,0x190,27,0,1
19755,849,15,1_1,0x190,27,0,0
19755,850,10,1_1,0x190,27,0,0
19755,850,15,0_1,0x42,23,0,0
19755,851,5,1_1,0x190,27,0,0
19755,852,1,1_1,0x190,26,0,0
19755,852,13,1_1,0x165,27,0,1
19755,852,15,0_1,0x30,24,0,0
19755,853,7,1_1,0x3e8,27,0,0
19755,854,1,1_1,0x165,27,0,1
19755,854,15,0_1,0x62,21,0,0
19755,854,17,1_1,0x3e8,27,0,0
19755,855,11,1_1,0x165,27,0,1
19755,856,6,1_1,0x165,27,0,0
19755,856,15,0_1,0x62,21,0,0
19755,857,0,1_1,0x190,27,0,1
19755,857,13,1_1,0x165,27,0,0
19755,858,10,1_1,0x165,27,0,0
19755,858,15,0_1,0x62,21,0,0
19755,859,3,1_1,0x190,27,0,1
19755,859,17,1_1,0x3c9,27,0,0
19755,860,11,1_1,0x165,26,0,1
19755,860,15,0_1,0x42,21,0,0
19755,861,5,1_1,0x165,27,0,0
19755,862,1,1_1,0x190,27,0,0
19755,862,15,0_1,0x42,21,0,0
19755,862,15,1_1,0x165,27,0,0
19755,863,10,1_1,0x165,27,0,0
19755,864,6,1_1,0x165,27,0,0
19755,864,15,0_1,0x62,21,0,0
19755,864,17,1_1,0x3e8,27,0,1
19755,865,13,1_1,0x165,27,0,0
19755,866,7,1_1,0x3e8,27,0,0
19755,866,15,0_1,0x62,21,0,0
19755,867,1,1_1,0x190,27,0,1
19755,867,15,1_1,0x190,27,0,0
19755,868,10,1_1,0x190,27,0,0
19755,868,15,0_1,0x62,21,0,0
19755,869,5,1_1,0x165,27,0,0
19755,870,1,1_1,0x190,27,0,0
19755,870,13,1_1,0x165,27,0,1
19755,870,15,0_1,0x42,21,0,0
19755,871,7,1_1,0x3c9,27,0,0
19755,872,1,1_1,0x165,26,0,1
19755,872,15,0_1,0x42,21,0,0
19755,872,17,1_1,0x3e8,27,0,0
19755,873,11,1_1,0x190,27,0,1
19755,874,5,1_1,0x190,27,0,0
19755,874,15,0_1,0x42,22,0,0
19755,875,0,1_1,0x165,27,0,0
19755,875,13,1_1,0x165,27,0,1
19755,876,10,1_1,0x190,27,0,0
19755,876,15,0_1,0x62,23,0,0
19755,877,3,1_1,0x165,27,0,1
19755,877,17,1_1,0x3e8,27,0,0
19755,878,11,1_1,0x190,26,0,1
19755,878,15,0_1,0x2,24,0,0
19755,879,5,1_1,0x190,27,0,0
19755,880,1,1_1,0x190,26,0,0
19755,880,15,0_1,0x30,24,0,0
19755,880,15,1_1,0x190,27,0,0
19755,881,10,1_1,0x165,27,0,0
19755,882,3,1_1,0x190,27,0,1
19755,882,15,0_1,0x2,25,0,0
19755,882,17,1_1,0x3e8,27,0,0
19755,883,13,1_1,0x165,27,0,1
19755,884,7,1_1,0x3e8,27,0,0
19755,884,15,0_1,0x30,24,0,0
19755,885,1,1_1,0x165,27,0,1
19755,885,15,1_1,0x165,27,0,0
19755,886,10,1_1,0x190,27,0,0
19755,886,15,0_1,0x2,25,0,0
19755,887,5,1_1,0x165,27,0,0
19755,888,1,1_1,0x165,26,0,0
19755,888,13,1_1,0x190,27,0,1
19755,888,15,0_1,0x62,22,0,0
19755,889,7,1_1,0x3c9,27,0,0
19755,890,1,1_1,0x165,27,0,1
19755,890,15,0_1,0x42,23,0,0
19755,890,17,1_1,0x3c9,27,0,0
19755,891,11,1_1,0x165,27,0,1
19755,892,6,1_1,0x190,27,0,0
19755,892,15,0_1,0x30,24,0,0
19755,893,0,1_1,0x190,27,0,1
19755,893,13,1_1,0x190,27,0,0
19755,894,10,1_1,0x190,27,0,0
19755,894,15,0_1,0x62,21,0,0
19755,895,3,1_1,0x190,27,0,1
19755,895,17,1_1,0x3e8,27,0,0
19755,896,6,1_1,0x32,27,0,1
19755,896,11,1_1,0x190,26,0,2
19755,896,15,0_1,0x42,21,0,0
19755,897,5,1_1,0x165,27,0,0
19755,898,1,1_1,0x165,27,0,0
19755,898,15,0_1,0x2,24,0,0
19755,898,15,1_1,0x190,27,0,0
19755,899,10,1_1,0x190,27,0,0
19755,900,6,1_1,0x165,27,0,0
19755,900,15,0_1,0x30,24,0,0
19755,900,17,1_1,0x3c9,27,0,1
19755,901,13,1_1,0x165,27,0,0
19755,902,7,1_1,0x3c9,27,0,0
19755,902,15,0_1,0x42,23,0,0
19755,903,1,1_1,0x165,27,0,1
19755,903,15,1_1,0x165,27,0,0
19755,904,10,1_1,0x190,27,0,0
19755,904,15,0_1,0x42,22,0,0
19755,905,5,1_1,0x190,27,0,0
19755,906,1,1_1,0x165,27,0,0
19755,906,13,1_1,0x165,27,0,1
19755,906,15,0_1,0x62,23,0,0
19755,907,7,1_1,0x3e8,27,0,0
19755,908,1,1_1,0x165,26,0,1
19755,908,15,0_1,0x62,21,0,0
19755,908,17,1_1,0x3e8,27,0,0
19755,909,11,1_1,0x190,27,0,1
19755,910,5,1_1,0x165,27,0,0
19755,910,15,0_1,0x2,24,0,0
19755,911,0,1_1,0x190,27,0,0
19755,911,13,1_1,0x190,27,0,1
19755,912,10,1_1,0x190,27,0,0
19755,912,15,0_1,0x2,25,0,0
19755,913,3,1_1,0x165,27,0,1
19755,913,17,1_1,0x3c9,27,0,0
19755,914,11,1_1,0x190,26,0,1
19755,914,15,0_1,0x62,22,0,0
19755,915,5,1_1,0x190,27,0,0
19755,916,1,1_1,0x190,26,0,0
19755,916,15,0_1,0x62,21,0,0
19755,916,15,1_1,0x165,27,0,0
19755,917,10,1_1,0x190,27,0,0
19755,918,3,1_1,0x190,27,0,1
19755,918,15,0_1,0x62,21,0,0
19755,918,17,1_1,0x3e8,27,0,0
19755,919,13,1_1,0x165,27,0,1
19755,920,7,1_1,0x3e8,27,0,0
19755,920,15,0_1,0x42,21,0,0
19755,921,1,1_1,0x165,27,0,1
19755,921,15,1_1,0x190,27,0,0
19755,922,10,1_1,0x190,27,0,0
19755,922,15,0_1,0x62,23,0,0
19755,923,5,1_1,0x165,27,0,0
19755,924,1,1_1,0x190,26,0,0
19755,924,13,1_1,0x165,27,0,1
19755,924,15,0_1,0x2,24,0,0
19755,925,7,1_1,0x3c9,27,0,0
19755,926,1,1_1,0x165,27,0,1
19755,926,15,0_1,0x42,23,0,0
19755,926,17,1_1,0x3c9,27,0,0
19755,927,11,1_1,0x190,27,0,1
19755,928,6,1_1,0x190,27,0,0
19755,928,15,0_1,0x2,24,0,0
19755,929,0,1_1,0x190,27,0,1
19755,929,13,1_1,0x190,27,0,0
19755,930,10,1_1,0x165,27,0,0
19755,930,15,0_1,0x2,25,0,0
19755,931,3,1_1,0x165,27,0,1
19755,931,17,1_1,0x3c9,27,0,0
19755,932,11,1_1,0x165,26,0,1
19755,932,15,0_1,0x30,24,0,0
19755,933,5,1_1,0x190,27,0,0
19755,934,1,1_1,0x190,27,0,0
19755,934,15,0_1,0x62,21,0,0
19755,934,15,1_1,0x190,27,0,0
19755,935,10,1_1,0x190,27,0,0
19755,936,6,1_1,0x190,27,0,0
19755,936,15,0_1,0x62,21,0,0
19755,936,17,1_1,0x3e8,27,0,1
19755,937,13,1_1,0x190,27,0,0
19755,938,7,1_1,0x3c9,27,0,0
19755,938,15,0_1,0x42,21,0,0
19755,939,1,1_1,0x190,27,0,1
19755,939,15,1_1,0x165,27,0,0
19755,940,10,1_1,0x165,27,0,0
19755,940,15,0_1,0x42,22,0,0
19755,941,5,1_1,0x190,27,0,0
19755,942,1,1_1,0x165,27,0,0
19755,942,13,1_1,0x165,27,0,1
19755,942,15,0_1,0x30,24,0,0
19755,943,7,1_1,0x3c9,27,0,0
19755,944,1,1_1,0x190,26,0,1
19755,944,15,0_1,0x30,24,0,0
19755,944,17,1_1,0x3c9,27,0,0
19755,945,11,0_1,0x2,24,1,0
19755,945,11,1_1,0x190,27,0,1
19755,946,5,1_1,0x190,27,0,0
19755,946,7,1_1,0x0,26,0,1
19755,946,15,0_1,0x62,22,0,0
19755,947,0,1_1,0x190,27,0,0
19755,947,13,1_1,0x165,27,0,1
19755,948,10,1_1,0x190,27,0,0
19755,948,15,0_1,0x42,22,0,0
19755,949,3,1_1,0x190,27,0,1
19755,949,17,1_1,0x3e8,27,0,0
19755,950,11,1_1,0x165,26,0,1
19755,950,15,0_1,0x62,23,0,0
19755,951,5,1_1,0x165,27,0,0
19755,952,1,1_1,0x165,26,0,0
19755,952,15,0_1,0x42,21,0,0
19755,952,15,1_1,0x190,27,0,0
19755,953,10,1_1,0x190,27,0,0
19755,954,3,1_1,0x165,27,0,1
19755,954,15,0_1,0x62,21,0,0
19755,954,17,1_1,0x3e8,27,0,0
19755,955,13,1_1,0x190,27,0,1
19755,956,7,1_1,0x3e8,27,0,0
19755,956,15,0_1,0x62,21,0,0
19755,957,1,1_1,0x165,27,0,1
19755,957,15,1_1,0x165,27,0,0
19755,958,10,1_1,0x190,27,0,0
19755,958,15,0_1,0x42,21,0,0
19755,959,5,1_1,0x165,27,0,0
19755,960,1,1_1,0x190,26,0,0
19755,960,13,1_1,0x190,27,0,1
19755,960,15,0_1,0x62,21,0,0
19755,961,7,1_1,0x3e8,27,0,0
19755,962,1,1_1,0x165,27,0,1
19755,962,15,0_1,0x62,21,0,0
19755,962,17,1_1,0x3c9,27,0,0
19755,963,11,1_1,0x190,27,0,1
19755,964,6,1_1,0x190,27,0,0
19755,964,15,0_1,0x62,21,0,0
19755,965,0,1_1,0x190,27,0,1
19755,965,13,1_1,0x190,27,0,0
19755,966,10,1_1,0x165,27,0,0
19755,966,15,0_1,0x42,22,0,0
19755,967,3,1_1,0x165,27,0,1
19755,967,17,1_1,0x3c9,27,0,0
19755,968,11,1_1,0x190,26,0,1
19755,968,15,0_1,0x2,24,0,0
19755,969,5,1_1,0x190,27,0,0
19755,970,1,1_1,0x190,27,0,0
19755,970,15,0_1,0x30,25,0,0
19755,970,15,1_1,0x190,27,0,0
19755,971,10,1_1,0x190,27,0,0
19755,971,11,0_1,0x30,25,1,0
19755,972,6,1_1,0x190,27,0,0
19755,972,15,0_1,0x30,25,0,0
19755,972,17,1_1,0x3e8,27,0,1
19755,973,13,1_1,0x190,27,0,0
19755,974,7,1_1,0x3c9,27,0,0
19755,974,15,0_1,0x2,24,0,0
19755,975,1,1_1,0x165,27,0,1
19755,975,15,1_1,0x190,27,0,0
19755,976,10,1_1,0x165,27,0,0
19755,976,15,0_1,0x2,25,0,0
19755,977,5,1_1,0x165,27,0,0
19755,977,11,0_1,0x2,25,1,0
19755,978,1,1_1,0x190,27,0,0
19755,978,13,1_1,0x190,27,0,1
19755,978,15,0_1,0x2,25,0,0
19755,979,7,1_1,0x3e8,27,0,0
19755,979,11,0_1,0x30,25,1,0
19755,980,1,1_1,0x165,26,0,1
19755,980,15,0_1,0x42,21,0,0
19755,980,17,1_1,0x3e8,27,0,0
19755,981,11,1_1,0x190,27,0,1
19755,982,5,1_1,0x190,27,0,0
19755,982,15,0_1,0x62,23,0,0
19755,983,0,1_1,0x190,27,0,0
19755,983,13,1_1,0x190,27,0,1
19755,984,10,1_1,0x190,27,0,0
19755,984,15,0_1,0x62,21,0,0
19755,985,3,1_1,0x165,27,0,1
19755,985,17,1_1,0x3c9,27,0,0
19755,986,11,1_1,0x190,26,0,1
19755,986,15,0_1,0x62,21,0,0
19755,987,5,1_1,0x165,27,0,0
19755,988,1,1_1,0x165,26,0,0
19755,988,15,0_1,0x42,21,0,0
19755,988,15,1_1,0x190,27,0,0
19755,989,10,1_1,0x165,27,0,0
19755,990,3,1_1,0x190,27,0,1
19755,990,15,0_1,0x42,23,0,0
19755,990,17,1_1,0x3e8,27,0,0
19755,991,13,1_1,0x190,27,0,1
19755,992,7,1_1,0x3c9,27,0,0
19755,992,15,0_1,0x2,24,0,0
19755,993,1,1_1,0x165,27,0,1
19755,993,15,1_1,0x165,27,0,0
19755,994,10,1_1,0x190,27,0,0
19755,994,15,0_1,0x62,22,0,0
19755,995,5,1_1,0x190,27,0,0
19755,996,1,1_1,0x190,26,0,0
19755,996,10,1_1,0x0,27,0,1
19755,996,13,1_1,0x190,27,0,2
19755,996,15,0_1,0x62,21,0,0
19755,997,7,1_1,0x3e8,27,0,0
19755,998,1,1_1,0x165,27,0,1
19755,998,15,0_1,0x42,21,0,0
19755,998,17,1_1,0x3c9,27,0,0
19755,999,11,1_1,0x165,27,0,1
19755,1000,6,1_1,0x190,27,0,0
19755,1000,15,0_1,0x42,23,0,0
19755,1001,0,1_1,0x165,27,0,1
19755,1001,13,1_1,0x190,27,0,0
19755,1002,10,1_1,0x165,27,0,0
19755,1002,15,0_1,0x2,24,0,0
19755,1003,3,1_1,0x165,27,0,1
19755,1003,17,1_1,0x3e8,27,0,0
19755,1004,11,1_1,0x165,26,0,1
19755,1004,15,0_1,0x2,25,0,0
19755,1005,5,1_1,0x190,27,0,0
19755,1006,1,1_1,0x190,27,0,0
19755,1006,15,0_1,0x62,23,0,0
19755,1006,15,1_1,0x165,27,0,0
19755,1007,10,1_1,0x190,27,0,0
19755,1008,6,1_1,0x165,27,0,0
19755,1008,15,0_1,0x62,21,0,0
19755,1008,17,1_1,0x3e8,27,0,1
19755,1009,13,1_1,0x190,27,0,0
19755,1010,7,1_1,0x3c9,27,0,0
19755,1010,15,0_1,0x62,21,0,0
19755,1011,1,1_1,0x190,27,0,1
19755,1011,15,1_1,0x165,27,0,0
19755,1012,10,1_1,0x165,27,0,0
19755,1012,15,0_1,0x42,21,0,0
19755,1013,5,1_1,0x165,27,0,0
19755,1014,1,1_1,0x165,27,0,0
19755,1014,13,1_1,0x165,27,0,1
19755,1014,15,0_1,0x62,22,0,0
19755,1015,7,1_1,0x3c9,27,0,0
19755,1016,1,1_1,0x165,26,0,1
19755,1016,15,0_1,0x42,22,0,0
19755,1016,17,1_1,0x3c9,27,0,0
19755,1017,11,1_1,0x190,27,0,1
19755,1018,5,1_1,0x190,27,0,0
19755,1018,15,0_1,0x42,23,0,0
19755,1019,0,1_1,0x190,27,0,0
19755,1019,13,1_1,0x165,27,0,1
19755,1020,10,1_1,0x190,27,0,0
19755,1020,15,0_1,0x2,24,0,0
19755,1021,3,1_1,0x165,27,0,1
19755,1021,17,1_1,0x3e8,27,0,0
19755,1022,11,1_1,0x190,26,0,1
19755,1022,15,0_1,0x2,24,0,0
19755,1023,5,1_1,0x190,27,0,0
19755,0,1,1_1,0x190,26,0,0
19755,0,15,0_1,0x62,22,0,0
19755,0,15,1_1,0x190,27,0,0
19755,1,10,1_1,0x165,27,0,0
19755,2,3,1_1,0x165,27,0,1
19755,2,15,0_1,0x42,22,0,0
19755,2,17,1_1,0x3e8,27,0,0
19755,3,13,1_1,0x165,27,0,1
19755,4,7,1_1,0x3e8,27,0,0
19755,4,15,0_1,0x62,23,0,0
19755,5,1,1_1,0x190,27,0,1
19755,5,15,1_1,0x165,27,0,0
19755,6,10,1_1,0x190,27,0,0
19755,6,15,0_1,0x62,22,0,0
19755,7,5,1_1,0x165,27,0,0
19755,8,1,1_1,0x190,26,0,0
19755,8,13,1_1,0x165,27,0,1
19755,8,15,0_1,0x30,24,0,0
19755,9,7,1_1,0x3e8,27,0,0
19755,10,1,1_1,0x190,27,0,1
19755,10,15,0_1,0x62,21,0,0
19755,10,17,1_1,0x3e8,27,0,0
19755,11,11,1_1,0x190,27,0,1
19755,12,6,1_1,0x190,27,0,0
19755,12,15,0_1,0x42,21,0,0
19755,13,0,1_1,0x190,27,0,1
19755,13,13,1_1,0x190,27,0,0
19755,14,10,1_1,0x165,27,0,0
19755,14,15,0_1,0x62,21,0,0
19755,15,3,1_1,0x190,27,0,1
19755,15,17,1_1,0x3c9,27,0,0
19755,16,11,1_1,0x165,26,0,1
19755,16,15,0_1,0x42,21,0,0
19755,17,5,1_1,0x165,27,0,0
19755,18,1,1_1,0x165,27,0,0
19755,18,15,0_1,0x30,24,0,0
19755,18,15,1_1,0x190,27,0,0
19755,19,10,1_1,0x165,27,0,0
19755,20,6,1_1,0x165,27,0,0
19755,20,15,0_1,0x42,21,0,0
19755,20,17,1_1,0x3e8,27,0,1
19755,21,13,1_1,0x190,27,0,0
19755,22,7,1_1,0x3e8,27,0,0
19755,22,11,1_1,0x0,26,0,1
19755,22,15,0_1,0x62,22,0,0
19755,23,1,1_1,0x165,27,0,2
19755,23,15,1_1,0x165,27,0,0
19755,24,10,1_1,0x190,27,0,0
19755,24,15,0_1,0x2,24,0,0
19755,25,5,1_1,0x190,27,0,0
19755,26,1,1_1,0x190,27,0,0
19755,26,13,1_1,0x190,27,0,1
19755,26,15,0_1,0x62,22,0,0
19755,27,7,1_1,0x3c9,27,0,0
19755,28,1,1_1,0x165,26,0,1
19755,28,15,0_1,0x62,21,0,0
19755,28,17,1_1,0x3c9,27,0,0
19755,29,11,1_1,0x190,27,0,1
19755,30,5,1_1,0x190,27,0,0
19755,30,15,0_1,0x62,22,0,0
19755,31,0,1_1,0x165,27,0,0
19755,31,13,1_1,0x165,27,0,1
19755,32,10,1_1,0x165,27,0,0
19755,32,15,0_1,0x62,21,0,0
19755,33,3,1_1,0x165,27,0,1
19755,33,17,1_1,0x3e8,27,0,0
19755,34,11,1_1,0x190,26,0,1
19755,34,15,0_1,0x62,21,0,0
19755,35,5,1_1,0x165,27,0,0
19755,36,1,1_1,0x190,26,0,0
19755,36,15,0_1,0x62,21,0,0
19755,36,15,1_1,0x165,27,0,0
19755,37,10,1_1,0x165,27,0,0
19755,38,3,1_1,0x165,27,0,1
19755,38,15,0_1,0x42,22,0,0
19755,38,17,1_1,0x3e8,27,0,0
19755,39,13,1_1,0x165,27,0,1
19755,40,7,1_1,0x3e8,27,0,0
19755,40,15,0_1,0x2,24,0,0
19755,41,1,1_1,0x165,27,0,1
19755,41,15,1_1,0x190,27,0,0
19755,42,10,1_1,0x190,27,0,0
19755,42,15,0_1,0x62,22,0,0
19755,43,5,1_1,0x190,27,0,0
19755,44,1,1_1,0x190,26,0,0
19755,44,13,1_1,0x165,27,0,1
19755,44,15,0_1,0x62,22,0,0
19755,45,7,1_1,0x3e8,27,0,0
19755,46,1,1_1,0x165,27,0,1
19755,46,15,0_1,0x42,21,0,0
19755,46,17,1_1,0x3c9,27,0,0
19755,47,11,1_1,0x190,27,0,1
19755,48,6,1_1,0x165,27,0,0
19755,48,15,0_1,0x2,24,0,0
19755,49,0,1_1,0x165,27,0,1
19755,49,13,1_1,0x190,27,0,0
19755,50,10,1_1,0x190,27,0,0
19755,50,15,0_1,0x30,24,0,0
19755,51,3,1_1,0x165,27,0,1
19755,51,17,1_1,0x3e8,27,0,0
19755,52,11,1_1,0x190,26,0,1
19755,52,15,0_1,0x2,24,0,0
19755,53,5,1_1,0x165,27,0,0
19755,54,1,1_1,0x165,27,0,0
19755,54,15,0_1,0x2,24,0,0
19755,54,15,1_1,0x190,27,0,0
19755,55,10,1_1,0x190,27,0,0
19755,56,6,1_1,0x165,27,0,0
19755,56,15,0_1,0x2,24,0,0
19755,56,17,1_1,0x3e8,27,0,1
19755,57,13,1_1,0x190,27,0,0
19755,58,7,1_1,0x3e8,27,0,0
19755,58,15,0_1,0x2,25,0,0
19755,59,1,1_1,0x165,27,0,1
19755,59,11,0_1,0x2,25,1,0
19755,59,15,1_1,0x165,27,0,0
19755,60,10,1_1,0x190,27,0,0
19755,60,15,0_1,0x30,24,0,0
19755,61,5,1_1,0x165,27,0,0
19755,61,11,0_1,0x30,24,1,0
19755,62,1,1_1,0x165,27,0,0
19755,62,13,1_1,0x165,27,0,1
19755,62,15,0_1,0x62,21,0,0
19755,63,7,1_1,0x3e8,27,0,0
19755,64,1,1_1,0x165,26,0,1
19755,64,15,0_1,0x42,21,0,0
19755,64,17,1_1,0x3c9,27,0,0
19755,65,11,1_1,0x165,27,0,1
19755,66,5,1_1,0x190,27,0,0
19755,66,15,0_1,0x42,21,0,0
19755,67,0,1_1,0x190,27,0,0
19755,67,13,1_1,0x190,27,0,1
19755,68,10,1_1,0x165,27,0,0
19755,68,15,0_1,0x62,23,0,0
19755,69,3,1_1,0x190,27,0,1
19755,69,17,1_1,0x3e8,27,0,0
19755,70,11,1_1,0x190,26,0,1
19755,70,15,0_1,0x42,21,0,0
19755,71,5,1_1,0x190,27,0,0
19755,72,1,1_1,0x190,26,0,0
19755,72,13,1_1,0x32,27,0,1
19755,72,15,0_1,0x42,22,0,0
19755,72,15,1_1,0x190,27,0,0
19755,73,10,1_1,0x165,27,0,0
19755,74,3,1_1,0x165,27,0,1
19755,74,15,0_1,0x62,22,0,0
19755,74,17,1_1,0x3e8,27,0,0
19755,75,13,1_1,0x190,27,0,1
19755,76,7,1_1,0x3e8,27,0,0
19755,76,15,0_1,0x42,21,0,0
19755,77,1,1_1,0x165,27,0,1
19755,77,15,1_1,0x190,27,0,0
19755,78,10,1_1,0x165,27,0,0
19755,78,15,0_1,0x42,21,0,0
19755,79,5,1_1,0x165,27,0,0
19755,80,1,1_1,0x190,26,0,0
19755,80,13,1_1,0x165,27,0,1
19755,80,15,0_1,0x42,22,0,0
19755,81,7,1_1,0x3e8,27,0,0
19755,82,1,1_1,0x190,27,0,1
19755,82,15,0_1,0x42,22,0,0
19755,82,17,1_1,0x3e8,27,0,0
19755,83,11,1_1,0x190,27,0,1
19755,84,6,1_1,0x165,27,0,0
19755,84,15,0_1,0x30,24,0,0
19755,85,0,1_1,0x165,27,0,1
19755,85,13,1_1,0x190,27,0,0
19755,86,10,1_1,0x165,27,0,0
19755,86,15,0_1,0x62,21,0,0
19755,87,3,1_1,0x165,27,0,1
19755,87,17,1_1,0x3c9,27,0,0
19755,88,11,1_1,0x165,26,0,1
19755,88,15,0_1,0x42,20,0,0
19755,89,5,1_1,0x190,27,0,0
19755,90,1,1_1,0x190,27,0,0
19755,90,15,0_1,0x42,21,0,0
19755,90,15,1_1,0x165,27,0,0
19755,91,10,1_1,0x165,27,0,0
19755,92,6,1_1,0x190,27,0,0
19755,92,15,0_1,0x62,21,0,0
19755,92,17,1_1,0x3c9,27,0,1
19755,93,13,1_1,0x190,27,0,0
19755,94,7,1_1,0x3e8,27,0,0
19755,94,15,0_1,0x62,21,0,0
19755,95,1,1_1,0x190,27,0,1
19755,95,15,1_1,0x190,27,0,0
19755,96,10,1_1,0x190,27,0,0
19755,96,15,0_1,0x62,21,0,0
19755,97,5,1_1,0x190,27,0,0
19755,98,1,1_1,0x190,27,0,0
19755,98,13,1_1,0x165,27,0,1
19755,98,15,0_1,0x62,21,0,0
19755,99,7,1_1,0x3c9,27,0,0
19755,100,1,1_1,0x165,26,0,1
19755,100,15,0_1,0x62,21,0,0
19755,100,17,1_1,0x3e8,27,0,0
19755,101,11,1_1,0x190,27,0,1
19755,102,5,1_1,0x190,27,0,0
19755,102,15,0_1,0x42,21,0,0
19755,103,0,1_1,0x190,27,0,0
19755,103,13,1_1,0x165,27,0,1
19755,104,10,1_1,0x165,27,0,0
19755,104,15,0_1,0x42,23,0,0
19755,105,3,1_1,0x190,27,0,1
19755,105,17,1_1,0x3e8,27,0,0
19755,106,11,1_1,0x165,26,0,1
19755,106,15,0_1,0x2,24,0,0
19755,107,5,1_1,0x190,27,0,0
19755,108,1,1_1,0x190,26,0,0
19755,108,15,0_1,0x2,24,0,0
19755,108,15,1_1,0x165,27,0,0
19755,109,10,1_1,0x165,27,0,0
19755,110,3,1_1,0x165,27,0,1
19755,110,15,0_1,0x2,24,0,0
19755,110,17,1_1,0x3c9,27,0,0
19755,111,13,1_1,0x165,27,0,1
19755,112,7,1_1,0x3e8,27,0,0
19755,112,15,0_1,0x42,21,0,0
19755,113,1,1_1,0x165,27,0,1
19755,113,15,1_1,0x190,27,0,0
19755,114,10,1_1,0x190,27,0,0
19755,114,15,0_1,0x62,23,0,0
19755,115,5,1_1,0x190,27,0,0
19755,116,1,1_1,0x165,26,0,0
19755,116,13,1_1,0x165,27,0,1
19755,116,15,0_1,0x2,24,0,0
19755,117,7,1_1,0x3c9,27,0,0
19755,118,1,1_1,0x190,27,0,1
19755,118,15,0_1,0x42,21,0,0
19755,118,17,1_1,0x3e8,27,0,0
19755,119,11,1_1,0x190,27,0,1
19755,120,6,1_1,0x190,27,0,0
19755,120,15,0_1,0x62,22,0,0
19755,121,0,1_1,0x190,27,0,1
19755,121,13,1_1,0x190,27,0,0
19755,122,10,1_1,0x190,27,0,0
19755,122,15,0_1,0x42,22,0,0
19755,122,15,1_1,0x0,27,0,1
19755,123,3,1_1,0x165,27,0,2
19755,123,17,1_1,0x3c9,27,0,0
19755,124,11,1_1,0x165,26,0,1
19755,124,15,0_1,0x42,23,0,0
19755,125,5,1_1,0x165,27,0,0
19755,126,1,1_1,0x165,27,0,0
19755,126,15,0_1,0x42,23,0,0
19755,126,15,1_1,0x165,27,0,0
19755,127,10,1_1,0x190,27,0,0
19755,128,6,1_1,0x165,27,0,0
19755,128,15,0_1,0x62,23,0,0
19755,128,17,1_1,0x3c9,27,0,1
19755,129,13,1_1,0x165,27,0,0
19755,130,7,1_1,0x3c9,27,0,0
19755,130,15,0_1,0x62,21,0,0
19755,131,1,1_1,0x165,27,0,1
19755,131,15,1_1,0x190,27,0,0
19755,132,10,1_1,0x165,27,0,0
19755,132,15,0_1,0x42,21,0,0
19755,133,5,1_1,0x190,27,0,0
19755,134,1,1_1,0x190,27,0,0
19755,134,13,1_1,0x165,27,0,1
19755,134,15,0_1,0x42,22,0,0
19755,135,7,1_1,0x3e8,27,0,0
19755,136,1,1_1,0x190,26,0,1
19755,136,15,0_1,0x42,21,0,0
19755,136,17,1_1,0x3e8,27,0,0
19755,137,11,1_1,0x190,27,0,1
19755,138,5,1_1,0x165,27,0,0
19755,138,15,0_1,0x42,21,0,0
19755,139,0,1_1,0x165,27,0,0
19755,139,13,1_1,0x165,27,0,1
19755,140,10,1_1,0x165,27,0,0
19755,140,15,0_1,0x42,23,0,0
19755,141,3,1_1,0x190,27,0,1
19755,141,17,1_1,0x3c9,27,0,0
19755,142,11,1_1,0x190,26,0,1
19755,142,15,0_1,0x42,21,0,0
19755,143,5,1_1,0x165,27,0,0
19755,144,1,1_1,0x190,26,0,0
19755,144,15,0_1,0x62,23,0,0
19755,144,15,1_1,0x190,27,0,0
19755,145,10,1_1,0x165,27,0,0
19755,146,3,1_1,0x190,27,0,1
19755,146,15,0_1,0x62,21,0,0
19755,146,17,1_1,0x3c9,27,0,0
19755,147,13,1_1,0x165,27,0,1
19755,148,7,1_1,0x3e8,27,0,0
19755,148,15,0_1,0x62,21,0,0
19755,149,1,1_1,0x190,27,0,1
19755,149,15,1_1,0x165,27,0,0
19755,150,10,1_1,0x190,27,0,0
19755,150,15,0_1,0x62,21,0,0
19755,151,5,1_1,0x165,27,0,0
19755,152,1,1_1,0x165,26,0,0
19755,152,13,1_1,0x165,27,0,1
19755,152,15,0_1,0x62,21,0,0
19755,153,7,1_1,0x3c9,27,0,0
19755,154,1,1_1,0x190,27,0,1
19755,154,15,0_1,0x42,21,0,0
19755,154,17,1_1,0x3c9,27,0,0
19755,155,11,1_1,0x190,27,0,1
19755,156,6,1_1,0x190,27,0,0
19755,156,15,0_1,0x62,21,0,0
19755,157,0,1_1,0x165,27,0,1
19755,157,13,1_1,0x190,27,0,0
19755,158,10,1_1,0x165,27,0,0
19755,158,15,0_1,0x42,21,0,0
19755,159,3,1_1,0x165,27,0,1
19755,159,17,1_1,0x3c9,27,0,0
19755,160,11,1_1,0x190,26,0,1
19755,160,15,0_1,0x42,21,0,0
19755,161,5,1_1,0x190,27,0,0
19755,162,1,1_1,0x165,27,0,0
19755,162,15,0_1,0x62,21,0,0
19755,162,15,1_1,0x165,27,0,0
19755,163,10,1_1,0x165,27,0,0
19755,164,6,1_1,0x190,27,0,0
19755,164,15,0_1,0x62,23,0,0
19755,164,17,1_1,0x3c9,27,0,1
19755,165,13,1_1,0x190,27,0,0
19755,166,7,1_1,0x3c9,27,0,0
19755,166,15,0_1,0x62,21,0,0
19755,167,1,1_1,0x190,27,0,1
19755,167,15,1_1,0x190,27,0,0
19755,168,10,1_1,0x190,27,0,0
19755,168,15,0_1,0x42,21,0,0
19755,169,5,1_1,0x190,27,0,0
19755,170,1,1_1,0x165,27,0,0
19755,170,13,1_1,0x190,27,0,1
19755,170,15,0_1,0x62,21,0,0
19755,171,7,1_1,0x3c9,27,0,0
19755,172,1,1_1,0x165,26,0,1
19755,172,15,0_1,0x42,21,0,0
19755,172,17,1_1,0x3c9,27,0,0
19755,173,11,1_1,0x190,27,0,1
19755,174,5,1_1,0x165,27,0,0
19755,174,15,0_1,0x42,21,0,0
19755,175,0,1_1,0x165,27,0,0
19755,175,13,1_1,0x190,27,0,1
19755,176,10,1_1,0x190,27,0,0
19755,176,15,0_1,0x30,24,0,0
19755,177,3,1_1,0x190,27,0,1
19755,177,17,1_1,0x3c9,27,0,0
19755,178,11,1_1,0x165,26,0,1
19755,178,15,0_1,0x30,24,0,0
19755,179,5,1_1,0x165,27,0,0
19755,180,1,1_1,0x190,26,0,0
19755,180,15,0_1,0x62,23,0,0
19755,180,15,1_1,0x190,27,0,0
19755,181,10,1_1,0x190,27,0,0
19755,182,3,1_1,0x165,27,0,1
19755,182,15,0_1,0x42,23,0,0
19755,182,17,1_1,0x3e8,27,0,0
19755,183,13,1_1,0x190,27,0,1
19755,184,7,1_1,0x3e8,27,0,0
19755,184,15,0_1,0x2,24,0,0
19755,185,1,1_1,0x165,27,0,1
19755,185,15,1_1,0x165,27,0,0
19755,186,10,1_1,0x190,27,0,0
19755,186,15,0_1,0x30,25,0,0
19755,187,5,1_1,0x190,27,0,0
19755,187,11,0_1,0x2,25,1,0
19755,188,1,1_1,0x190,26,0,0
19755,188,13,1_1,0x165,27,0,1
19755,188,15,0_1,0x42,22,0,0
19755,189,7,1_1,0x3e8,27,0,0
19755,190,1,1_1,0x165,27,0,1
19755,190,15,0_1,0x42,23,0,0
19755,190,17,1_1,0x3c9,27,0,0
19755,191,11,1_1,0x190,27,0,1
19755,192,6,1_1,0x165,27,0,0
19755,192,15,0_1,0x42,23,0,0
19755,193,0,1_1,0x165,27,0,1
19755,193,13,1_1,0x165,27,0,0
19755,194,10,1_1,0x165,27,0,0
19755,194,15,0_1,0x62,22,0,0
19755,195,3,1_1,0x165,27,0,1
19755,195,17,1_1,0x3e8,27,0,0
19755,196,11,1_1,0x165,26,0,1
19755,196,15,0_1,0x42,22,0,0
19755,197,5,1_1,0x165,27,0,0
19755,198,1,1_1,0x165,27,0,0
19755,198,15,0_1,0x62,23,0,0
19755,198,15,1_1,0x190,27,0,0
19755,199,10,1_1,0x190,27,0,0
19755,200,6,1_1,0x190,27,0,0
19755,200,15,0_1,0x62,21,0,0
19755,200,17,1_1,0x3e8,27,0,1
19755,201,13,1_1,0x190,27,0,0
19755,202,7,1_1,0x3e8,27,0,0
19755,202,15,0_1,0x62,21,0,0
19755,203,1,1_1,0x190,27,0,1
19755,203,15,1_1,0x165,27,0,0
19755,204,10,1_1,0x190,27,0,0
19755,204,15,0_1,0x62,21,0,0
19755,205,5,1_1,0x165,27,0,0
19755,206,1,1_1,0x165,27,0,0
19755,206,13,1_1,0x190,27,0,1
19755,206,15,0_1,0x62,20,0,0
19755,207,7,1_1,0x3c9,27,0,0
19755,208,1,1_1,0x190,26,0,1
19755,208,15,0_1,0x42,21,0,0
19755,208,17,1_1,0x3c9,27,0,0
19755,209,11,1_1,0x190,27,0,1
19755,210,5,1_1,0x165,27,0,0
19755,210,15,0_1,0x42,21,0,0
19755,211,0,1_1,0x190,27,0,0
19755,211,13,1_1,0x165,27,0,1
19755,212,10,1_1,0x190,27,0,0
19755,212,15,0_1,0x2,24,0,0
19755,213,3,1_1,0x190,27,0,1
19755,213,17,1_1,0x3e8,27,0,0
19755,214,11,1_1,0x190,26,0,1
19755,214,15,0_1,0x30,24,0,0
19755,215,5,1_1,0x190,27,0,0
19755,216,1,1_1,0x190,26,0,0
19755,216,15,0_1,0x42,22,0,0
19755,216,15,1_1,0x165,27,0,0
19755,217,10,1_1,0x190,27,0,0
19755,218,3,1_1,0x165,27,0,1
19755,218,15,0_1,0x42,21,0,0
19755,218,17,1_1,0x3c9,27,0,0
19755,219,13,1_1,0x190,27,0,1
19755,220,7,1_1,0x3e8,27,0,0
19755,220,15,0_1,0x62,22,0,0
19755,221,1,1_1,0x165,27,0,1
19755,221,15,1_1,0x190,27,0,0
19755,222,10,1_1,0x190,27,0,0
19755,222,15,0_1,0x42,21,0,0
19755,223,0,1_1,0x32,27,0,1
19755,223,5,1_1,0x165,27,0,0
19755,224,1,1_1,0x190,26,0,0
19755,224,13,1_1,0x190,27,0,1
19755,224,15,0_1,0x62,21,0,0
19755,225,7,1_1,0x3c9,27,0,0
19755,226,1,1_1,0x165,27,0,1
19755,226,15,0_1,0x62,21,0,0
19755,226,17,1_1,0x3e8,27,0,0
19755,227,11,1_1,0x165,27,0,1
19755,228,6,1_1,0x190,27,0,0
19755,228,15,0_1,0x42,21,0,0
19755,229,0,1_1,0x165,27,0,1
19755,229,13,1_1,0x190,27,0,0
19755,230,15,0_1,0x42,23,0,0
19755,231,3,1_1,0x190,27,0,1
19755,231,17,1_1,0x3e8,27,0,0
19755,232,11,1_1,0x190,26,0,1
19755,232,15,0_1,0x30,24,0,0
19755,233,5,1_1,0x165,27,0,0
19755,234,1,1_1,0x165,27,0,0
19755,234,15,0_1,0x2,24,0,0
19755,234,15,1_1,0x165,27,0,0
19755,235,10,1_1,0x190,27,0,0
19755,236,6,1_1,0x190,27,0,0
19755,236,15,0_1,0x30,24,0,0
19755,236,17,1_1,0x3e8,27,0,1
19755,237,13,1_1,0x165,27,0,0
19755,238,7,1_1,0x3e8,27,0,0
19755,238,15,0_1,0x2,25,0,0
19755,239,1,1_1,0x165,27,0,1
19755,239,15,1_1,0x190,27,0,0
19755,240,10,1_1,0x165,27,0,0
19755,240,15,0_1,0x2,24,0,0
19755,241,5,1_1,0x165,27,0,0
19755,242,1,1_1,0x165,27,0,0
19755,242,13,1_1,0x190,27,0,1
19755,242,15,0_1,0x30,24,0,0
19755,243,7,1_1,0x3c9,27,0,0
19755,244,1,1_1,0x165,26,0,1
19755,244,15,0_1,0x42,21,0,0
19755,244,17,1_1,0x3e8,27,0,0
19755,245,11,1_1,0x165,27,0,1
19755,246,5,1_1,0x190,27,0,0
19755,246,15,0_1,0x42,22,0,0
19755,247,0,1_1,0x165,27,0,0
19755,247,13,1_1,0x190,27,0,1
19755,248,10,1_1,0x165,27,0,0
19755,248,15,0_1,0x42,23,0,0
19755,249,3,1_1,0x190,27,0,1
19755,249,17,1_1,0x3e8,27,0,0
19755,250,11,1_1,0x190,26,0,1
19755,250,15,0_1,0x30,24,0,0
19755,251,5,1_1,0x165,27,0,0
19755,252,1,1_1,0x165,26,0,0
19755,252,15,0_1,0x42,23,0,0
19755,252,15,1_1,0x165,27,0,0
19755,253,10,1_1,0x190,27,0,0
19755,254,3,1_1,0x165,27,0,1
19755,254,15,0_1,0x42,23,0,0
19755,254,17,1_1,0x3c9,27,0,0
19755,255,13,1_1,0x190,27,0,1
19755,256,7,1_1,0x3e8,27,0,0
19755,256,15,0_1,0x2,24,0,0
19755,257,1,1_1,0x165,27,0,1
19755,257,15,1_1,0x190,27,0,0
19755,258,10,1_1,0x165,27,0,0
19755,258,15,0_1,0x62,21,0,0
19755,259,5,1_1,0x190,27,0,0
19755,260,1,1_1,0x190,26,0,0
19755,260,13,1_1,0x165,27,0,1
19755,260,15,0_1,0x42,22,0,0
19755,261,7,1_1,0x3c9,27,0,0
19755,262,1,1_1,0x165,27,0,1
19755,262,15,0_1,0x42,23,0,0
19755,262,17,1_1,0x3e8,27,0,0
19755,263,11,1_1,0x165,27,0,1
19755,264,6,1_1,0x165,27,0,0
19755,264,15,0_1,0x62,22,0,0
19755,265,0,1_1,0x165,27,0,1
19755,265,13,1_1,0x190,27,0,0
19755,266,10,1_1,0x165,27,0,0
19755,266,15,0_1,0x42,22,0,0
19755,267,3,1_1,0x190,27,0,1
19755,267,17,1_1,0x3e8,27,0,0
19755,268,11,1_1,0x190,26,0,1
19755,268,15,0_1,0x42,23,0,0
19755,269,5,1_1,0x190,27,0,0
19755,270,1,1_1,0x165,27,0,0
19755,270,15,0_1,0x2,24,0,0
19755,270,15,1_1,0x165,27,0,0
19755,271,10,1_1,0x190,27,0,0
19755,272,6,1_1,0x165,27,0,0
19755,272,15,0_1,0x42,21,0,0
19755,272,17,1_1,0x3e8,27,0,1
19755,273,1,1_1,0x0,27,0,2
19755,273,13,1_1,0x190,27,0,0
19755,274,7,1_1,0x3c9,27,0,0
19755,274,15,0_1,0x42,23,0,0
19755,275,1,1_1,0x190,27,0,1
19755,275,15,1_1,0x165,27,0,0
19755,276,10,1_1,0x165,27,0,0
19755,276,15,0_1,0x30,24,0,0
19755,277,5,1_1,0x190,27,0,0
19755,278,1,1_1,0x190,27,0,0
19755,278,13,1_1,0x190,27,0,1
19755,278,15,0_1,0x42,21,0,0
19755,279,7,1_1,0x3c9,27,0,0
19755,280,1,1_1,0x165,26,0,1
19755,280,15,0_1,0x62,23,0,0
19755,280,17,1_1,0x3c9,27,0,0
19755,281,11,1_1,0x190,27,0,1
19755,282,5,1_1,0x190,27,0,0
19755,282,15,0_1,0x42,22,0,0
19755,283,0,1_1,0x190,27,0,0
19755,283,13,1_1,0x190,27,0,1
19755,284,10,1_1,0x190,27,0,0
19755,284,15,0_1,0x42,22,0,0
19755,285,3,1_1,0x190,27,0,1
19755,285,17,1_1,0x3e8,27,0,0
19755,286,11,1_1,0x165,26,0,1
19755,286,15,0_1,0x42,21,0,0
19755,287,5,1_1,0x165,27,0,0
19755,288,1,1_1,0x190,26,0,0
19755,288,15,0_1,0x42,22,0,0
19755,288,15,1_1,0x165,27,0,0
19755,289,10,1_1,0x165,27,0,0
19755,290,3,1_1,0x165,27,0,1
19755,290,15,0_1,0x62,21,0,0
19755,290,17,1_1,0x3c9,27,0,0
19755,291,13,1_1,0x165,27,0,1
19755,292,7,1_1,0x3c9,27,0,0
19755,292,15,0_1,0x42,20,0,0
19755,293,1,1_1,0x165,27,0,1
19755,293,15,1_1,0x165,27,0,0
19755,294,10,1_1,0x165,27,0,0
19755,294,15,0_1,0x62,21,0,0
19755,295,5,1_1,0x190,27,0,0
19755,296,1,1_1,0x190,26,0,0
19755,296,13,1_1,0x190,27,0,1
19755,296,15,0_1,0x42,21,0,0
19755,297,7,1_1,0x3e8,27,0,0
19755,298,1,1_1,0x165,27,0,1
19755,298,15,0_1,0x62,22,0,0
19755,298,17,1_1,0x3c9,27,0,0
19755,299,11,1_1,0x190,27,0,1
19755,300,6,1_1,0x190,27,0,0
19755,300,15,0_1,0x30,24,0,0
19755,301,0,1_1,0x165,27,0,1
19755,301,13,1_1,0x165,27,0,0
19755,302,10,1_1,0x190,27,0,0
19755,302,15,0_1,0x62,21,0,0
19755,303,3,1_1,0x165,27,0,1
19755,303,17,1_1,0x3e8,27,0,0
